season,player_id,name,position,team,games,points,ppg,attempts,completions,passing_yards,passing_tds,passing_interceptions,carries,rushing_yards,rushing_tds,rushing_first_downs,targets,receptions,receiving_yards,receiving_tds,receiving_first_downs
2023,00-0023459,Aaron Rodgers,QB,NYJ,1,-1.25,-1.25,1,0,0,0,0,0,0,0,0,0,0,0,0,0
2023,00-0024243,Marcedes Lewis,TE,CHI,6,11.4,1.9,0,0,0,0,0,0,0,0,0,5,4,29,1,2
2023,00-0026158,Joe Flacco,QB,CLE,5,102.04,20.41,204,123,1616,13,8,9,2,0,3,0,0,0,0,0
2023,00-0026293,Matthew Slater,WR,NE,5,0.0,0.0,0,0,0,0,0,0,0,0,0,0,0,0,0,0
2023,00-0026498,Matthew Stafford,QB,LA,15,227.55,15.17,521,326,3965,24,11,21,65,0,4,0,0,0,0,0
2023,00-0026625,Brian Hoyer,QB,LV,2,0.79,0.4,42,23,231,0,2,3,-3,0,0,0,0,0,0,0
2023,00-0027696,Jimmy Graham,TE,NO,6,32.4,5.4,0,0,0,0,0,0,0,0,0,7,6,39,4,6
2023,00-0027944,Julio Jones,WR,PHI,8,31.9,3.99,0,0,0,0,0,0,0,0,0,19,11,74,3,4
2023,00-0027948,Blaine Gabbert,QB,KC,2,0.65,0.32,35,18,185,0,3,7,45,0,2,0,0,0,0,0
2023,00-0027973,Andy Dalton,QB,CAR,2,21.84,10.92,58,34,361,2,0,3,12,0,2,0,0,0,0,0
2023,00-0028002,Randall Cobb,WR,NYJ,9,16.15,1.79,0,0,0,0,0,0,0,0,0,17,5,39,1,3
2023,00-0028118,Tyrod Taylor,QB,NYG,10,78.74,7.87,180,116,1341,5,3,38,197,0,10,0,0,0,0,0
2023,00-0028986,Case Keenum,QB,HOU,2,0.59,0.3,53,34,291,1,3,2,1,0,0,0,0,0,0,0
2023,00-0029239,Brandon Bolden,RB,LV,5,13.0,2.6,0,0,0,0,0,4,31,1,2,0,0,0,0,0
2023,00-0029263,Russell Wilson,QB,DEN,15,250.6,16.71,447,297,3070,26,8,80,341,3,38,0,0,0,0,0
2023,00-0029293,Marvin Jones,WR,DET,4,3.5,0.88,0,0,0,0,0,0,0,0,0,10,5,35,0,2
2023,00-0029604,Kirk Cousins,QB,MIN,8,147.99,18.5,311,216,2331,18,5,14,25,0,6,0,0,0,0,0
2023,00-0029701,Ryan Tannehill,QB,TEN,9,46.89,5.21,230,149,1616,4,7,17,74,1,4,1,0,0,0,0
2023,00-0030035,Adam Thielen,WR,CAR,17,197.1,11.59,0,0,0,0,0,1,6,0,0,137,103,1014,4,56
2023,00-0030061,Zach Ertz,TE,ARI,7,40.2,5.74,0,0,0,0,0,0,0,0,0,43,27,187,1,8
2023,00-0030068,Marquise Goodwin,WR,CLE,10,14.15,1.42,0,0,0,0,0,4,33,0,2,13,4,67,0,1
2023,00-0030279,Keenan Allen,WR,LAC,13,244.91,18.84,2,1,49,1,0,2,6,0,1,150,108,1243,7,57
2023,00-0030431,Robert Woods,WR,HOU,14,80.4,5.74,0,0,0,0,0,1,7,0,0,75,40,426,1,26
2023,00-0030506,Travis Kelce,TE,KC,15,191.15,12.74,0,0,0,0,0,0,0,0,0,121,93,984,5,51
2023,00-0030513,Latavius Murray,RB,BUF,15,94.3,6.29,0,0,0,0,0,79,300,4,27,22,17,119,0,7
2023,00-0030533,Matt Barkley,QB,JAX,1,0.0,0.0,0,0,0,0,0,3,-3,0,0,0,0,0,0,0
2023,00-0030564,DeAndre Hopkins,WR,TEN,17,206.55,12.15,1,0,0,0,0,2,9,0,0,137,75,1057,7,48
2023,00-0030565,Geno Smith,QB,SEA,15,207.76,13.85,499,323,3624,20,9,37,155,1,10,1,1,-2,0,0
2023,00-0030578,Cordarrelle Patterson,RB,ATL,12,39.15,3.26,0,0,0,0,0,50,181,0,9,12,9,38,1,2
2023,00-0030663,Willie Snead,WR,SF,2,2.4,1.2,0,0,0,0,0,0,0,0,0,3,2,14,0,0
2023,00-0030874,Damien Williams,RB,ARI,3,7.85,2.62,0,0,0,0,0,11,43,0,1,2,2,12,0,0
2023,00-0031235,Odell Beckham Jr.,WR,BAL,14,103.25,7.38,0,0,0,0,0,0,0,0,0,64,35,565,3,27
2023,00-0031236,Brandin Cooks,WR,DAL,16,160.95,10.06,0,0,0,0,0,5,35,0,1,81,54,657,8,38
2023,00-0031237,Teddy Bridgewater,QB,DET,1,0.0,0.0,0,0,0,0,0,2,-2,0,0,0,0,0,0,0
2023,00-0031260,Logan Thomas,TE,WAS,16,108.4,6.78,0,0,0,0,0,1,2,0,1,78,55,496,4,21
2023,00-0031280,Derek Carr,QB,NO,17,235.07,13.83,548,375,3878,25,8,32,40,0,4,0,0,0,0,0
2023,00-0031288,AJ McCarron,QB,CIN,2,-0.09,-0.04,5,4,19,0,0,0,0,0,0,0,0,0,0,0
2023,00-0031345,Jimmy Garoppolo,QB,LV,7,52.35,7.48,169,110,1205,7,9,20,39,0,6,0,0,0,0,0
2023,00-0031376,Jerick McKinnon,RB,KC,12,79.31,6.61,1,1,4,1,0,21,60,1,7,32,25,192,4,10
2023,00-0031381,Davante Adams,WR,LV,17,235.15,13.83,0,0,0,0,0,0,0,0,0,175,103,1144,8,59
2023,00-0031408,Mike Evans,WR,TB,17,267.0,15.71,0,0,0,0,0,0,0,0,0,136,79,1255,13,54
2023,00-0031428,Allen Robinson,WR,PIT,15,51.75,3.45,0,0,0,0,0,0,0,0,0,49,34,280,0,9
2023,00-0031484,Chris Manhertz,TE,DEN,7,2.85,0.41,0,0,0,0,0,0,0,0,0,4,2,16,0,1
2023,00-0031503,Jameis Winston,QB,NO,6,6.46,1.08,47,25,264,2,3,5,-6,0,0,0,0,0,0,0
2023,00-0031544,Amari Cooper,WR,CLE,15,215.0,14.33,0,0,0,0,0,0,0,0,0,128,72,1250,5,50
2023,00-0031547,DeVante Parker,WR,NE,13,64.65,4.97,0,0,0,0,0,0,0,0,0,55,33,394,0,17
2023,00-0031549,Nelson Agholor,WR,BAL,16,87.85,5.49,0,0,0,0,0,0,0,0,0,45,35,381,4,19
2023,00-0031585,MyCole Pruitt,TE,ATL,10,22.0,2.2,0,0,0,0,0,0,0,0,0,12,9,110,1,6
2023,00-0031588,Stefon Diggs,WR,BUF,17,240.65,14.16,0,0,0,0,0,1,5,0,1,160,107,1183,8,58
2023,00-0031610,Darren Waller,TE,NYG,12,97.95,8.16,0,0,0,0,0,0,0,0,0,74,52,552,1,25
2023,00-0031687,Raheem Mostert,RB,MIA,15,294.85,19.66,0,0,0,0,0,209,1012,18,59,32,25,175,3,6
2023,00-0031763,DeAndre Carter,WR,LV,17,6.5,0.38,0,0,0,0,0,3,18,0,2,7,4,39,0,0
2023,00-0031800,Taylor Heinicke,QB,ATL,5,60.15,12.03,136,74,890,5,4,15,124,1,5,0,0,0,0,0
2023,00-0031868,Damiere Byrd,WR,ATL,1,0.0,0.0,0,0,0,0,0,0,0,0,0,2,0,0,0,0
2023,00-0031941,Jamison Crowder,WR,WAS,16,27.9,1.74,0,0,0,0,0,0,0,0,0,20,16,159,1,8
2023,00-0032062,Blake Bell,TE,KC,7,8.35,1.19,0,0,0,0,0,0,0,0,0,9,5,26,1,1
2023,00-0032104,Ameer Abdullah,RB,LV,16,35.5,2.22,0,0,0,0,0,15,89,0,6,24,19,131,0,4
2023,00-0032128,Chris Conley,WR,SF,1,9.9,9.9,0,0,0,0,0,0,0,0,0,6,3,69,0,2
2023,00-0032134,C.J. Uzomah,TE,NYJ,8,17.05,2.13,0,0,0,0,0,0,0,0,0,12,8,58,1,5
2023,00-0032141,Geoff Swaim,TE,ARI,8,15.4,1.92,0,0,0,0,0,0,0,0,0,11,10,94,0,4
2023,00-0032144,Melvin Gordon,RB,BAL,4,21.55,5.39,0,0,0,0,0,26,81,1,4,3,3,46,0,3
2023,00-0032156,Trevor Siemian,QB,NYJ,5,10.66,2.13,153,86,724,2,4,11,40,0,5,0,0,0,0,0
2023,00-0032200,Ty Montgomery,WR,NE,11,8.45,0.77,0,0,0,0,0,3,9,0,0,12,5,40,0,3
2023,00-0032208,Phillip Dorsett,WR,DEN,2,0.0,0.0,0,0,0,0,0,0,0,0,0,3,0,0,0,0
2023,00-0032211,Tyler Lockett,WR,SEA,17,181.15,10.66,0,0,0,0,0,0,0,0,0,122,79,894,5,47
2023,00-0032214,Tyler Kroft,TE,MIA,1,0.0,0.0,0,0,0,0,0,0,0,0,0,0,0,0,0,0
2023,00-0032268,Marcus Mariota,QB,PHI,2,9.56,4.78,23,15,164,1,1,8,52,0,6,0,0,0,0,0
2023,00-0032385,Sterling Shepard,WR,NYG,10,15.4,1.54,0,0,0,0,0,1,6,0,0,22,10,57,1,4
2023,00-0032392,Austin Hooper,TE,LV,16,40.4,2.52,0,0,0,0,0,0,0,0,0,31,25,234,0,12
2023,00-0032394,Nick Vannett,TE,LAC,1,1.05,1.05,0,0,0,0,0,0,0,0,0,1,1,3,0,1
2023,00-0032398,Chris Moore,WR,TEN,15,68.25,4.55,0,0,0,0,0,2,39,0,1,35,22,424,0,16
2023,00-0032436,Jeff Driskel,QB,CLE,1,10.69,10.69,26,13,166,2,2,7,33,0,4,0,0,0,0,0
2023,00-0032450,Dwayne Washington,RB,DEN,3,0.0,0.0,0,0,0,0,0,0,0,0,0,0,0,0,0,0
2023,00-0032464,Kalif Raymond,WR,DET,17,92.6,5.45,0,0,0,0,0,7,75,0,2,44,35,489,1,20
2023,00-0032543,Alex Erickson,WR,LAC,8,41.7,5.21,0,0,0,0,0,0,0,0,0,29,16,232,1,12
2023,00-0032688,Robbie Chosen,WR,MIA,6,22.35,3.72,0,0,0,0,0,0,0,0,0,6,4,126,1,3
2023,00-0032725,Stephen Anderson,TE,LAC,1,0.0,0.0,0,0,0,0,0,0,0,0,0,0,0,0,0,0
2023,00-0032764,Derrick Henry,RB,TEN,17,289.11,17.01,3,2,14,2,0,280,1167,12,63,36,28,214,0,7
2023,00-0032765,Michael Thomas,WR,NO,10,80.05,8.0,0,0,0,0,0,0,0,0,0,64,39,448,1,21
2023,00-0032775,Demarcus Robinson,WR,LA,8,82.25,10.28,0,0,0,0,0,1,23,0,1,39,26,371,4,20
2023,00-0032950,Carson Wentz,QB,LA,1,28.77,28.77,24,17,163,2,1,17,56,1,4,0,0,0,0,0
2023,00-0032951,Laquon Treadwell,WR,BAL,3,2.35,0.78,0,0,0,0,0,0,0,0,0,3,1,16,0,1
2023,00-0032975,Jonathan Williams,RB,WAS,1,-0.1,-0.1,0,0,0,0,0,1,-2,0,0,1,0,0,0,0
2023,00-0033009,Tyler Boyd,WR,CIN,17,124.0,7.29,1,0,0,0,1,2,11,0,1,98,67,667,2,28
2023,00-0033040,Tyreek Hill,WR,MIA,16,351.25,21.95,0,0,0,0,0,6,15,0,2,171,119,1799,13,83
2023,00-0033045,Ezekiel Elliott,RB,NE,17,185.65,10.92,0,0,0,0,0,184,642,3,33,65,51,313,2,12
2023,00-0033077,Dak Prescott,QB,DAL,17,348.59,20.51,590,410,4516,36,9,55,242,2,21,0,0,0,0,0
2023,00-0033090,Hunter Henry,TE,NE,13,109.65,8.43,0,0,0,0,0,0,0,0,0,61,42,419,6,29
2023,00-0033106,Jared Goff,QB,DET,17,282.25,16.6,605,407,4575,30,12,32,21,2,5,0,0,0,0,0
2023,00-0033110,Tyler Higbee,TE,LA,15,96.0,6.4,0,0,0,0,0,0,0,0,0,70,47,495,2,26
2023,00-0033118,Kenyan Drake,RB,GB,2,1.3,0.65,0,0,0,0,0,2,0,0,0,3,2,31,0,0
2023,00-0033119,Jacoby Brissett,QB,WAS,2,27.71,13.86,23,18,224,3,0,3,19,0,0,0,0,0,0,0
2023,00-0033217,Mo Alie-Cox,TE,IND,14,45.85,3.28,0,0,0,0,0,0,0,0,0,22,13,161,3,9
2023,00-0033246,Johnny Mundt,TE,MIN,10,33.7,3.37,0,0,0,0,0,0,0,0,0,23,17,172,1,8
2023,00-0033251,Zach Pascal,WR,ARI,10,4.15,0.42,0,0,0,0,0,0,0,0,0,15,4,19,0,1
2023,00-0033258,Darrell Daniels,TE,DET,1,0.0,0.0,0,0,0,0,0,0,0,0,0,0,0,0,0,0
2023,00-0033275,PJ Walker,QB,CLE,5,1.66,0.33,111,54,674,1,5,13,30,0,3,0,0,0,0,0
2023,00-0033280,Christian McCaffrey,RB,SF,16,423.5,26.47,0,0,0,0,0,272,1459,14,83,83,67,564,7,31
2023,00-0033282,Curtis Samuel,WR,WAS,16,138.9,8.68,0,0,0,0,0,7,39,1,4,91,62,613,4,26
2023,00-0033288,George Kittle,TE,SF,16,189.05,11.82,0,0,0,0,0,1,2,0,1,90,65,1020,6,42
2023,00-0033292,Trent Taylor,WR,CHI,15,-4.1,-0.27,0,0,0,0,0,1,-2,0,0,2,0,0,0,0
2023,00-0033293,Aaron Jones,RB,GB,11,150.85,13.71,0,0,0,0,0,142,656,2,34,43,30,233,1,13
2023,00-0033296,Alex Armah,RB,WAS,4,3.05,0.76,0,0,0,0,0,0,0,0,0,3,3,13,0,1
2023,00-0033307,Kendrick Bourne,WR,NE,8,89.1,11.14,0,0,0,0,0,1,4,0,1,55,37,406,4,15
2023,00-0033308,Matt Breida,RB,NYG,15,45.15,3.01,0,0,0,0,0,55,151,1,7,21,17,88,0,2
2023,00-0033319,Nick Mullens,QB,MIN,5,58.24,11.65,148,100,1306,7,8,10,25,0,4,0,0,0,0,0
2023,00-0033357,Taysom Hill,TE,NO,16,151.72,9.48,11,6,83,1,0,81,401,4,26,40,33,291,2,11
2023,00-0033376,Patrick Ricard,RB,BAL,7,14.45,2.06,0,0,0,0,0,0,0,0,0,7,5,52,1,3
2023,00-0033439,Pharaoh Brown,TE,NE,11,34.8,3.16,0,0,0,0,0,0,0,0,0,15,13,208,1,8
2023,00-0033466,Isaiah McKenzie,WR,IND,13,9.4,0.72,0,0,0,0,0,3,14,0,0,14,11,82,0,4
2023,00-0033526,Samaje Perine,RB,DEN,17,113.85,6.7,0,0,0,0,0,53,238,1,14,56,50,455,0,23
2023,00-0033536,Mike Williams,WR,LAC,3,45.55,15.18,0,0,0,0,0,1,3,0,0,26,19,249,1,9
2023,00-0033537,Deshaun Watson,QB,CLE,6,77.4,12.9,171,105,1115,7,4,26,142,1,10,0,0,0,0,0
2023,00-0033553,James Conner,RB,ARI,13,231.3,17.79,0,0,0,0,0,208,1040,7,57,33,27,165,2,11
2023,00-0033555,Mack Hollins,WR,ATL,12,41.85,3.49,0,0,0,0,0,0,0,0,0,30,18,251,0,9
2023,00-0033572,Jamal Agnew,WR,JAX,11,38.2,3.47,0,0,0,0,0,4,-2,0,0,21,14,225,1,8
2023,00-0033576,Eric Saubert,TE,HOU,3,2.95,0.98,0,0,0,0,0,0,0,0,0,3,3,12,0,1
2023,00-0033589,David Moore,WR,TB,6,19.65,3.28,0,0,0,0,0,0,0,0,0,7,5,94,1,3
2023,00-0033591,Noah Brown,WR,HOU,10,96.7,9.67,0,0,0,0,0,1,-1,0,0,55,33,567,2,24
2023,00-0033662,Cooper Rush,QB,DAL,7,3.01,0.43,24,18,144,0,1,12,-5,0,1,0,0,0,0,0
2023,00-0033699,Austin Ekeler,RB,LAC,14,196.3,14.02,0,0,0,0,0,179,628,5,34,74,51,436,1,20
2023,00-0033757,Robert Tonyan,TE,CHI,12,18.2,1.52,0,0,0,0,0,0,0,0,0,17,11,112,0,6
2023,00-0033854,Dare Ogunbowale,RB,HOU,9,7.6,0.84,0,0,0,0,0,8,35,0,2,7,2,18,0,0
2023,00-0033856,Leonard Fournette,RB,BUF,2,5.7,2.85,0,0,0,0,0,12,40,0,2,0,0,0,0,0
2023,00-0033857,JuJu Smith-Schuster,WR,NE,11,54.25,4.93,0,0,0,0,0,0,0,0,0,47,29,260,1,13
2023,00-0033858,Jonnu Smith,TE,ATL,17,111.05,6.53,1,0,0,0,0,1,0,0,0,70,50,582,3,26
2023,00-0033869,Mitchell Trubisky,QB,PIT,5,44.98,9.0,107,67,632,4,5,16,54,2,6,0,0,0,0,0
2023,00-0033873,Patrick Mahomes,QB,KC,16,283.57,17.72,597,401,4183,27,14,75,389,0,27,0,0,0,0,0
2023,00-0033881,Evan Engram,TE,JAX,17,186.55,10.97,0,0,0,0,0,0,0,0,0,143,114,963,4,47
2023,00-0033885,David Njoku,TE,CLE,16,173.95,10.87,0,0,0,0,0,0,0,0,0,123,81,882,6,35
2023,00-0033891,Zay Jones,WR,JAX,9,69.1,7.68,0,0,0,0,0,0,0,0,0,64,34,321,2,14
2023,00-0033893,Dalvin Cook,RB,NYJ,14,42.15,3.01,0,0,0,0,0,67,214,0,10,20,15,78,0,3
2023,00-0033895,Gerald Everett,TE,LAC,15,93.65,6.24,0,0,0,0,0,3,10,0,0,70,51,411,3,25
2023,00-0033897,Joe Mixon,RB,CIN,17,296.95,17.47,0,0,0,0,0,257,1034,9,59,64,52,376,3,14
2023,00-0033906,Alvin Kamara,RB,NO,13,241.75,18.6,0,0,0,0,0,180,694,5,42,86,75,466,1,23
2023,00-0033908,Cooper Kupp,WR,LA,12,150.75,12.56,0,0,0,0,0,1,-3,0,0,95,59,737,5,33
2023,00-0033921,Chris Godwin Jr.,WR,TB,17,189.35,11.14,1,0,0,0,0,4,38,1,3,130,83,1024,2,53
2023,00-0033923,Kareem Hunt,RB,CLE,15,139.75,9.32,0,0,0,0,0,135,411,9,38,21,15,84,0,5
2023,00-0033925,D'Onta Foreman,RB,CHI,9,107.6,11.96,0,0,0,0,0,109,425,4,24,16,11,77,1,6
2023,00-0033936,C.J. Beathard,QB,JAX,6,18.51,3.09,53,40,349,1,0,8,35,0,2,0,0,0,0,0
2023,00-0033943,Josh Reynolds,WR,DET,16,120.3,7.52,0,0,0,0,0,0,0,0,0,64,40,608,5,32
2023,00-0033948,Jamaal Williams,RB,NO,13,70.9,5.45,0,0,0,0,0,106,306,1,19,20,18,62,0,1
2023,00-0033949,Joshua Dobbs,QB,MIN,13,177.56,13.66,417,262,2464,13,10,77,421,6,31,0,0,0,0,0
2023,00-0033955,Jeremy McNichols,RB,SF,2,0.0,0.0,0,0,0,0,0,0,0,0,0,0,0,0,0,0
2023,00-0033958,Nathan Peterman,QB,CHI,1,-2.2,-2.2,0,0,0,0,0,2,-4,0,0,0,0,0,0,0
2023,00-0034054,River Cracraft,WR,MIA,6,24.6,4.1,0,0,0,0,0,0,0,0,0,12,9,121,1,8
2023,00-0034073,Ross Dwelley,TE,SF,2,1.95,0.98,0,0,0,0,0,0,0,0,0,2,1,12,0,1
2023,00-0034115,Jeff Wilson,RB,MIA,9,41.15,4.57,0,0,0,0,0,41,188,0,8,17,14,85,0,3
2023,00-0034159,Will Dissly,TE,SEA,13,33.7,2.59,0,0,0,0,0,0,0,0,0,22,17,172,1,8
2023,00-0034177,Tim Boyle,QB,NYJ,3,-4.4,-1.47,77,48,360,1,4,4,5,0,3,0,0,0,0,0
2023,00-0034184,Gus Edwards,RB,BAL,17,218.8,12.87,0,0,0,0,0,198,810,13,49,13,12,180,0,5
2023,00-0034193,Kevin Rader,TE,TEN,7,1.1,0.16,0,0,0,0,0,0,0,0,0,3,1,6,0,0
2023,00-0034208,Mike Boone,RB,HOU,9,10.3,1.14,0,0,0,0,0,5,23,0,2,9,7,40,0,2
2023,00-0034270,Tyler Conklin,TE,NYJ,17,103.95,6.11,0,0,0,0,0,1,0,0,0,87,61,621,0,27
2023,00-0034272,Marquez Valdes-Scantling,WR,KC,16,54.0,3.38,0,0,0,0,0,0,0,0,0,42,21,315,1,14
2023,00-0034279,Equanimeous St. Brown,WR,CHI,5,9.45,1.89,0,0,0,0,0,0,0,0,0,6,5,62,0,3
2023,00-0034286,Richie James,WR,KC,9,14.65,1.63,0,0,0,0,0,0,0,0,0,14,10,114,0,5
2023,00-0034297,Byron Pringle,WR,WAS,13,21.85,1.68,0,0,0,0,0,0,0,0,0,22,14,161,0,7
2023,00-0034317,Keith Kirkwood,WR,NO,7,12.95,1.85,0,0,0,0,0,0,0,0,0,9,5,37,1,3
2023,00-0034348,Courtland Sutton,WR,DEN,16,173.45,10.84,0,0,0,0,0,0,0,0,0,90,59,772,10,37
2023,00-0034351,Dallas Goedert,TE,PHI,14,120.65,8.62,0,0,0,0,0,1,1,0,0,83,59,592,3,33
2023,00-0034364,Jordan Akins,TE,CLE,13,22.2,1.71,0,0,0,0,0,0,0,0,0,23,15,132,0,6
2023,00-0034365,Ian Thomas,TE,CAR,8,8.35,1.04,0,0,0,0,0,0,0,0,0,9,5,56,0,1
2023,00-0034383,Dalton Schultz,TE,HOU,15,133.25,8.88,0,0,0,0,0,0,0,0,0,88,59,635,5,35
2023,00-0034386,Justin Watson,WR,KC,15,85.25,5.68,0,0,0,0,0,0,0,0,0,53,27,460,3,21
2023,00-0034401,Mike White,QB,MIA,6,3.11,0.52,6,5,74,1,1,8,-9,0,0,0,0,0,0,0
2023,00-0034407,Ray-Ray McCloud,WR,SF,12,25.05,2.09,0,0,0,0,0,3,30,0,2,15,12,135,0,7
2023,00-0034414,Boston Scott,RB,PHI,12,16.55,1.38,0,0,0,0,0,20,86,0,5,6,4,52,0,2
2023,00-0034418,Cedrick Wilson Jr.,WR,MIA,11,65.6,5.96,0,0,0,0,0,0,0,0,0,38,22,296,3,14
2023,00-0034419,Braxton Berrios,WR,MIA,16,49.0,3.06,0,0,0,0,0,1,11,0,1,33,27,238,1,15
2023,00-0034433,Nick Bawden,RB,NYJ,6,10.7,1.78,0,0,0,0,0,2,4,1,1,3,3,21,0,1
2023,00-0034438,Logan Woodside,QB,ATL,1,-2.17,-2.17,4,3,27,0,1,1,6,0,0,0,0,0,0,0
2023,00-0034487,Trent Sherfield,WR,BUF,11,21.1,1.92,0,0,0,0,0,0,0,0,0,22,11,86,1,4
2023,00-0034521,Allen Lazard,WR,NYJ,14,57.35,4.1,0,0,0,0,0,0,0,0,0,49,23,311,1,17
2023,00-0034575,David Wells,TE,TB,1,-0.75,-0.75,0,0,0,0,0,0,0,0,0,2,2,-10,0,1
2023,00-0034577,Kyle Allen,QB,BUF,6,0.0,0.0,0,0,0,0,0,13,-13,0,0,0,0,0,0,0
2023,00-0034613,Tanner Hudson,TE,CIN,12,69.45,5.79,0,0,0,0,0,0,0,0,0,50,39,352,1,21
2023,00-0034614,Godwin Igwebuike,RB,PIT,7,0.0,0.0,0,0,0,0,0,0,0,0,0,0,0,0,0,0
2023,00-0034646,Brandon Powell,WR,MIN,17,61.35,3.61,0,0,0,0,0,5,17,0,1,44,29,324,1,18
2023,00-0034681,Chase Edmonds,RB,TB,13,40.85,3.14,0,0,0,0,0,49,176,0,8,17,14,81,0,5
2023,00-0034750,Rashaad Penny,RB,PHI,3,5.65,1.88,0,0,0,0,0,11,33,0,1,1,1,5,0,0
2023,00-0034753,Mark Andrews,TE,BAL,10,123.25,12.32,0,0,0,0,0,1,0,0,0,61,45,544,6,27
2023,00-0034764,Michael Gallup,WR,DAL,16,81.05,5.07,0,0,0,0,0,0,0,0,0,57,34,418,2,19
2023,00-0034771,Mason Rudolph,QB,PIT,4,45.81,11.45,74,55,719,3,0,10,8,0,4,0,0,0,0,0
2023,00-0034775,Christian Kirk,WR,JAX,12,135.71,11.31,2,1,-1,0,0,1,6,0,0,85,57,787,3,34
2023,00-0034777,DJ Chark,WR,CAR,14,108.0,7.71,0,0,0,0,0,0,0,0,0,66,35,525,5,22
2023,00-0034791,Nick Chubb,RB,CLE,2,26.15,13.08,0,0,0,0,0,28,170,0,8,4,4,21,0,1
2023,00-0034796,Lamar Jackson,QB,BAL,16,339.22,21.2,457,307,3678,24,7,148,821,5,48,0,0,0,0,0
2023,00-0034798,Durham Smythe,TE,MIA,13,64.1,4.93,0,0,0,0,0,0,0,0,0,43,35,366,0,22
2023,00-0034827,DJ Moore,WR,CHI,17,260.65,15.33,0,0,0,0,0,4,21,1,1,136,96,1364,8,64
2023,00-0034829,Mike Gesicki,TE,NE,15,55.15,3.68,0,0,0,0,0,0,0,0,0,45,29,244,2,11
2023,00-0034830,Hayden Hurst,TE,CAR,9,36.15,4.02,0,0,0,0,0,0,0,0,0,32,18,184,1,7
2023,00-0034837,Calvin Ridley,WR,JAX,17,212.3,12.49,0,0,0,0,0,9,23,0,3,136,76,1016,8,49
2023,00-0034838,Royce Freeman,RB,LA,11,62.4,5.67,0,0,0,0,0,77,319,2,17,2,1,13,0,1
2023,00-0034844,Saquon Barkley,RB,NYG,14,253.15,18.08,0,0,0,0,0,247,962,6,51,60,41,280,4,16
2023,00-0034854,KhaDarel Hodge,WR,ATL,14,35.05,2.5,0,0,0,0,0,1,0,0,0,23,14,232,0,13
2023,00-0034855,Baker Mayfield,QB,TB,17,258.66,15.22,566,364,4044,28,10,62,163,1,16,0,0,0,0,0
2023,00-0034857,Josh Allen,QB,BUF,17,408.99,24.06,579,385,4306,29,18,111,524,15,57,0,0,0,0,0
2023,00-0034869,Sam Darnold,QB,SF,10,17.53,1.75,46,28,297,2,1,21,15,1,3,0,0,0,0,0
2023,00-0034928,Steven Sims,WR,HOU,3,4.45,1.48,0,0,0,0,0,1,1,0,0,3,3,25,0,1
2023,00-0034955,Brett Rypien,QB,LA,2,-2.87,-1.44,38,18,172,0,1,3,19,0,1,0,0,0,0,0
2023,00-0034960,Jakobi Meyers,WR,LV,16,201.18,12.57,3,2,12,1,0,4,24,2,3,106,71,807,8,46
2023,00-0034970,Irv Smith,TE,CIN,10,24.75,2.48,0,0,0,0,0,0,0,0,0,26,18,115,1,5
2023,00-0034972,Alexander Mattison,RB,MIN,16,146.95,9.18,0,0,0,0,0,180,700,0,28,44,30,192,3,5
2023,00-0034975,Justice Hill,RB,BAL,16,116.2,7.26,0,0,0,0,0,84,387,3,18,39,28,206,1,8
2023,00-0034981,Foster Moreau,TE,NO,13,38.05,2.93,0,0,0,0,0,0,0,0,0,25,21,193,1,9
2023,00-0034983,Hunter Renfrow,WR,LV,14,42.25,3.02,0,0,0,0,0,0,0,0,0,37,25,255,0,11
2023,00-0035045,D.J. Montgomery,WR,IND,2,13.85,6.92,0,0,0,0,0,0,0,0,0,8,3,56,1,3
2023,00-0035100,Jake Browning,QB,CIN,9,138.24,15.36,243,171,1936,12,7,27,127,3,12,1,1,-7,0,0
2023,00-0035120,Keelan Doss,WR,LAC,2,6.55,3.28,0,0,0,0,0,0,0,0,0,13,6,33,0,1
2023,00-0035140,Mecole Hardman,WR,KC,7,19.3,2.76,0,0,0,0,0,1,3,0,0,24,15,124,0,8
2023,00-0035164,Cody Thompson,WR,SEA,2,1.5,0.75,0,0,0,0,0,0,0,0,0,1,1,10,0,0
2023,00-0035184,Devine Ozigbo,RB,DET,1,2.35,2.35,0,0,0,0,0,3,5,0,1,1,1,8,0,0
2023,00-0035208,Olamide Zaccheaus,WR,PHI,11,35.15,3.2,0,0,0,0,0,0,0,0,0,20,10,164,2,7
2023,00-0035215,Deonte Harty,WR,BUF,16,38.15,2.38,0,0,0,0,0,4,0,0,0,21,15,150,1,9
2023,00-0035216,Diontae Johnson,WR,PIT,13,141.95,10.92,0,0,0,0,0,0,0,0,0,87,51,717,5,37
2023,00-0035228,Kyler Murray,QB,ARI,8,137.11,17.14,268,176,1799,10,5,44,244,3,15,0,0,0,0,0
2023,00-0035229,T.J. Hockenson,TE,MIN,15,187.0,12.47,0,0,0,0,0,0,0,0,0,127,95,960,5,48
2023,00-0035243,Miles Sanders,RB,CAR,16,98.5,6.16,0,0,0,0,0,129,432,1,24,41,27,154,0,8
2023,00-0035249,Josh Oliver,TE,MIN,13,45.8,3.52,0,0,0,0,0,0,0,0,0,28,22,213,2,12
2023,00-0035250,Devin Singletary,RB,HOU,17,191.54,11.27,1,1,6,1,0,216,898,4,41,38,30,193,0,7
2023,00-0035259,Trevon Wesco,TE,TEN,6,2.85,0.48,0,0,0,0,0,0,0,0,0,3,1,21,0,1
2023,00-0035261,Tony Pollard,RB,DAL,17,245.3,14.43,0,0,0,0,0,252,1005,6,56,67,55,311,0,12
2023,00-0035264,Jarrett Stidham,QB,DEN,2,22.79,11.4,66,40,496,2,1,9,8,0,1,0,0,0,0,0
2023,00-0035282,Easton Stick,QB,LAC,5,57.86,11.57,174,111,1129,3,1,27,144,1,11,0,0,0,0,0
2023,00-0035289,Gardner Minshew,QB,IND,16,167.1,10.44,490,305,3305,15,9,34,100,3,7,0,0,0,0,0
2023,00-0035291,Trayveon Williams,RB,CIN,16,13.4,0.84,0,0,0,0,0,15,69,0,2,9,7,10,0,0
2023,00-0035298,Scott Miller,WR,ATL,11,37.1,3.37,0,0,0,0,0,0,0,0,0,16,11,161,2,6
2023,00-0035329,Donald Parham,TE,LAC,14,76.0,5.43,0,0,0,0,0,0,0,0,0,41,27,285,4,22
2023,00-0035341,Trenton Irwin,WR,CIN,12,56.35,4.7,0,0,0,0,0,0,0,0,0,32,25,316,1,15
2023,00-0035399,Stanley Morgan,WR,CIN,1,0.0,0.0,0,0,0,0,0,0,0,0,0,0,0,0,0,0
2023,00-0035406,Lil'Jordan Humphrey,WR,DEN,11,43.95,4.0,0,0,0,0,0,0,0,0,0,19,13,162,3,9
2023,00-0035414,Jalen Guyton,WR,LAC,7,21.4,3.06,0,0,0,0,0,0,0,0,0,21,10,89,1,6
2023,00-0035480,Malik Taylor,WR,NYJ,2,2.3,1.15,0,0,0,0,0,0,0,0,0,4,2,13,0,0
2023,00-0035500,Greg Dortch,WR,ARI,16,60.6,3.79,0,0,0,0,0,1,5,0,0,41,24,280,2,14
2023,00-0035527,Andy Isabella,WR,BUF,1,0.0,0.0,0,0,0,0,0,0,0,0,0,0,0,0,0,0
2023,00-0035535,Darius Slayton,WR,NYG,17,140.75,8.28,0,0,0,0,0,0,0,0,0,79,50,770,4,29
2023,00-0035537,Ty Johnson,RB,BUF,9,33.4,3.71,0,0,0,0,0,30,132,0,8,7,7,62,1,2
2023,00-0035562,Jesper Horsted,TE,LV,5,0.9,0.18,0,0,0,0,0,0,0,0,0,1,1,4,0,0
2023,00-0035567,Craig Reynolds,RB,DET,12,32.45,2.7,0,0,0,0,0,41,179,1,11,5,5,47,0,2
2023,00-0035572,Parker Hesse,TE,ATL,1,0.0,0.0,0,0,0,0,0,0,0,0,0,0,0,0,0,0
2023,00-0035593,Juwann Winfree,WR,IND,1,0.0,0.0,0,0,0,0,0,0,0,0,0,1,0,0,0,0
2023,00-0035594,Travis Homer,RB,CHI,7,0.0,0.0,0,0,0,0,0,0,0,0,0,1,0,0,0,0
2023,00-0035628,D'Ernest Johnson,RB,JAX,16,37.65,2.35,0,0,0,0,0,41,108,0,5,12,10,140,0,6
2023,00-0035631,Drew Sample,TE,CIN,14,41.55,2.97,0,0,0,0,0,0,0,0,0,27,22,163,2,9
2023,00-0035639,Parris Campbell,WR,NYG,10,19.9,1.99,0,0,0,0,0,0,0,0,0,27,20,104,0,2
2023,00-0035640,DK Metcalf,WR,SEA,16,213.9,13.37,0,0,0,0,0,0,0,0,0,119,66,1114,8,52
2023,00-0035644,Noah Fant,TE,SEA,15,66.9,4.46,0,0,0,0,0,0,0,0,0,43,32,414,0,16
2023,00-0035645,Gunner Olszewski,WR,NYG,12,2.5,0.21,0,0,0,0,0,0,0,0,0,1,1,0,0,0
2023,00-0035657,Damien Harris,RB,BUF,6,22.55,3.76,0,0,0,0,0,23,94,1,9,2,2,16,0,0
2023,00-0035659,Terry McLaurin,WR,WAS,17,181.95,10.7,0,0,0,0,0,0,0,0,0,132,79,1002,4,47
2023,00-0035662,Marquise Brown,WR,ARI,13,123.15,9.47,0,0,0,0,0,2,23,0,1,101,51,574,4,32
2023,00-0035664,Darrell Henderson,RB,LA,4,45.1,11.28,0,0,0,0,0,46,112,2,5,14,10,103,0,3
2023,00-0035676,A.J. Brown,WR,PHI,17,259.6,15.27,0,0,0,0,0,0,0,0,0,158,106,1456,7,70
2023,00-0035685,David Montgomery,RB,DET,14,243.1,17.36,0,0,0,0,0,219,1015,13,59,24,16,117,0,7
2023,00-0035689,Dawson Knox,TE,BUF,10,47.85,4.78,0,0,0,0,0,0,0,0,0,36,22,186,2,13
2023,00-0035700,Josh Jacobs,RB,LV,13,205.15,15.78,0,0,0,0,0,233,805,6,34,54,37,296,0,15
2023,00-0035703,Miles Boykin,WR,PIT,8,3.2,0.4,0,0,0,0,0,0,0,0,0,4,3,17,0,0
2023,00-0035704,Drew Lock,QB,SEA,4,27.17,6.79,76,48,543,3,3,5,14,0,1,0,0,0,0,0
2023,00-0035710,Daniel Jones,QB,NYG,6,31.51,5.25,160,108,909,2,6,40,206,1,15,0,0,0,0,0
2023,00-0035715,Derrick Gore,RB,WAS,3,3.15,1.05,0,0,0,0,0,3,26,0,1,0,0,0,0,0
2023,00-0035719,Deebo Samuel Sr.,WR,SF,15,239.9,15.99,1,0,0,0,0,37,225,5,13,89,60,892,7,34
2023,00-0035726,Jakob Johnson,RB,LV,8,1.7,0.21,0,0,0,0,0,0,0,0,0,2,1,12,0,0
2023,00-0035771,Mitchell Wilcox,TE,CIN,12,10.6,0.88,0,0,0,0,0,0,0,0,0,12,9,56,0,2
2023,00-0035806,JaMycal Hasty,RB,JAX,1,0.0,0.0,0,0,0,0,0,0,0,0,0,2,0,0,0,0
2023,00-0035831,James Robinson,RB,GB,1,0.6,0.6,0,0,0,0,0,1,2,0,0,1,1,-2,0,0
2023,00-0035860,Tony Jones,RB,ARI,6,33.3,5.55,0,0,0,0,0,26,95,2,7,10,7,37,0,1
2023,00-0035876,Andre Baccellia,WR,ARI,1,0.0,0.0,0,0,0,0,0,0,0,0,0,0,0,0,0,0
2023,00-0035924,Jonathan Ward,RB,TEN,2,1.65,0.82,0,0,0,0,0,3,11,0,1,0,0,0,0,0
2023,00-0035934,Trishton Jackson,WR,MIN,2,4.9,2.45,0,0,0,0,0,0,0,0,0,4,2,9,0,0
2023,00-0035956,Giovanni Ricci,TE,CAR,2,0.7,0.35,0,0,0,0,0,0,0,0,0,1,1,2,0,0
2023,00-0035973,Patrick Taylor,RB,GB,11,30.45,2.77,0,0,0,0,0,32,141,0,7,17,11,49,0,4
2023,00-0035976,Dan Chisena,WR,ARI,1,0.0,0.0,0,0,0,0,0,0,0,0,0,0,0,0,0,0
2023,00-0035993,Tyler Huntley,QB,BAL,5,24.97,4.99,37,21,203,3,0,15,55,0,3,0,0,0,0,0
2023,00-0036020,Salvon Ahmed,RB,MIA,7,38.85,5.55,0,0,0,0,0,22,61,1,3,23,16,88,1,4
2023,00-0036032,Sean McKeon,TE,DAL,8,0.0,0.0,0,0,0,0,0,0,0,0,0,2,0,0,0,0
2023,00-0036040,Juwan Johnson,TE,NO,13,89.55,6.89,0,0,0,0,0,0,0,0,0,59,37,368,4,23
2023,00-0036133,James Proche,WR,CLE,10,-3.0,-0.3,0,0,0,0,0,0,0,0,0,5,0,0,0,0
2023,00-0036139,Rico Dowdle,RB,DAL,16,102.15,6.38,0,0,0,0,0,89,361,2,17,22,17,144,2,6
2023,00-0036145,Lawrence Cager,TE,NYG,5,12.1,2.42,0,0,0,0,0,0,0,0,0,5,4,36,1,2
2023,00-0036158,J.K. Dobbins,RB,BAL,1,11.75,11.75,0,0,0,0,0,8,22,1,1,3,2,15,0,0
2023,00-0036165,Isaiah Hodgins,WR,NYG,14,53.0,3.79,0,0,0,0,0,0,0,0,0,33,21,230,3,12
2023,00-0036176,Mason Kinsey,WR,TEN,6,1.1,0.18,0,0,0,0,0,0,0,0,0,1,1,6,0,0
2023,00-0036182,Nick Westbrook-Ikhine,WR,TEN,13,81.0,6.23,0,0,0,0,0,0,0,0,0,45,28,370,3,18
2023,00-0036187,Reggie Gilliam,RB,BUF,5,0.8,0.16,0,0,0,0,0,0,0,0,0,1,1,3,0,0
2023,00-0036196,Gabe Davis,WR,BUF,16,154.0,9.62,0,0,0,0,0,1,-2,0,0,81,45,746,7,34
2023,00-0036212,Tua Tagovailoa,QB,MIA,17,259.41,15.26,560,388,4624,29,14,35,74,0,5,0,0,0,0,0
2023,00-0036223,Jonathan Taylor,RB,IND,10,182.05,18.21,0,0,0,0,0,169,741,7,42,23,19,153,1,5
2023,00-0036232,Harrison Bryant,TE,CLE,14,32.9,2.35,0,0,0,0,0,5,8,0,4,20,13,81,3,4
2023,00-0036233,Donovan Peoples-Jones,WR,DET,14,22.75,1.62,0,0,0,0,0,0,0,0,0,25,13,155,0,7
2023,00-0036244,Colby Parkinson,TE,SEA,15,53.45,3.56,0,0,0,0,0,0,0,0,0,34,25,247,2,11
2023,00-0036251,Zack Moss,RB,IND,14,195.15,13.94,0,0,0,0,0,183,794,5,43,37,27,192,2,10
2023,00-0036252,Michael Pittman,WR,IND,16,216.45,13.53,0,0,0,0,0,0,0,0,0,156,109,1152,4,53
2023,00-0036254,Collin Johnson,WR,CHI,1,1.85,1.85,0,0,0,0,0,0,0,0,0,1,1,11,0,1
2023,00-0036259,Jauan Jennings,WR,SF,13,49.5,3.81,0,0,0,0,0,0,0,0,0,33,19,265,1,12
2023,00-0036261,Brandon Aiyuk,WR,SF,16,233.45,14.59,0,0,0,0,0,0,0,0,0,105,75,1342,7,61
2023,00-0036264,Jordan Love,QB,GB,17,310.51,18.27,579,372,4159,32,11,50,247,4,16,0,0,0,0,0
2023,00-0036265,AJ Dillon,RB,GB,15,141.9,9.46,0,0,0,0,0,178,613,2,32,28,22,223,0,10
2023,00-0036268,Laviska Shenault Jr.,WR,CAR,8,17.95,2.24,0,0,0,0,0,12,55,0,3,10,10,60,0,2
2023,00-0036269,La'Mical Perine,RB,KC,2,15.7,7.85,0,0,0,0,0,22,77,0,3,5,3,33,0,1
2023,00-0036271,Quez Watkins,WR,PHI,5,29.7,5.94,0,0,0,0,0,0,0,0,0,21,15,142,1,8
2023,00-0036275,D'Andre Swift,RB,PHI,16,221.2,13.82,0,0,0,0,0,229,1049,5,50,49,39,214,1,8
2023,00-0036290,Cole Kmet,TE,CHI,16,159.9,9.99,0,0,0,0,0,3,2,0,2,90,73,719,6,36
2023,00-0036297,Darrynton Evans,RB,MIA,6,32.7,5.45,0,0,0,0,0,32,121,1,10,12,7,49,0,2
2023,00-0036309,Darnell Mooney,WR,CHI,14,74.1,5.29,0,0,0,0,0,2,5,0,0,61,31,414,1,20
2023,00-0036322,Justin Jefferson,WR,MIN,10,186.3,18.63,1,0,0,0,0,1,-12,0,0,100,68,1074,5,51
2023,00-0036326,Chase Claypool,WR,MIA,11,18.7,1.7,0,0,0,0,0,0,0,0,0,21,8,77,1,4
2023,00-0036328,Antonio Gibson,RB,WAS,16,124.9,7.81,0,0,0,0,0,65,265,1,13,59,48,389,2,19
2023,00-0036331,Devin Duvernay,WR,BAL,13,5.7,0.44,0,0,0,0,0,4,15,0,0,9,4,18,0,0
2023,00-0036332,Josiah Deguara,TE,GB,9,11.25,1.25,0,0,0,0,0,0,0,0,0,8,8,65,0,3
2023,00-0036336,Anthony McFarland,RB,PIT,3,2.35,0.78,0,0,0,0,0,0,0,0,0,2,2,11,0,1
2023,00-0036345,K.J. Osborn,WR,MIN,15,107.5,7.17,0,0,0,0,0,0,0,0,0,75,48,540,3,28
2023,00-0036355,Justin Herbert,QB,LAC,13,224.06,17.24,456,297,3134,20,7,52,228,3,16,1,1,10,0,1
2023,00-0036358,CeeDee Lamb,WR,DAL,17,364.1,21.42,0,0,0,0,0,14,113,2,6,181,135,1749,12,80
2023,00-0036360,Clyde Edwards-Helaire,RB,KC,15,75.85,5.06,0,0,0,0,0,70,223,1,12,22,17,188,1,7
2023,00-0036364,Lynn Bowden,WR,NO,8,17.75,2.22,0,0,0,0,0,5,32,0,3,16,11,83,0,2
2023,00-0036370,Joshua Kelley,RB,LAC,17,78.15,4.6,0,0,0,0,0,107,405,2,21,12,8,32,0,0
2023,00-0036387,Jalen Reagor,WR,NE,9,30.6,3.4,0,0,0,0,0,1,17,0,1,23,7,138,0,5
2023,00-0036389,Jalen Hurts,QB,PHI,17,357.22,21.01,538,352,3858,23,15,157,605,15,68,0,0,0,0,0
2023,00-0036407,Jerry Jeudy,WR,DEN,16,130.3,8.14,0,0,0,0,0,0,0,0,0,87,54,758,2,28
2023,00-0036410,Tee Higgins,WR,CIN,12,131.35,10.95,0,0,0,0,0,0,0,0,0,76,42,656,5,33
2023,00-0036414,Cam Akers,RB,MIN,7,49.7,7.1,0,0,0,0,0,60,167,2,12,12,11,70,0,2
2023,00-0036415,Van Jefferson,WR,ATL,14,36.4,2.6,0,0,0,0,0,1,4,0,0,43,20,209,0,10
2023,00-0036422,Adam Trautman,TE,DEN,16,53.4,3.34,0,0,0,0,0,0,0,0,0,35,22,204,3,10
2023,00-0036423,Albert Okwuegbunam,TE,PHI,1,0.0,0.0,0,0,0,0,0,0,0,0,0,1,0,0,0,0
2023,00-0036424,Brycen Hopkins,TE,LA,5,11.05,2.21,0,0,0,0,0,0,0,0,0,7,5,78,0,3
2023,00-0036425,DeeJay Dallas,RB,SEA,17,3.95,0.23,0,0,0,0,0,10,36,0,2,9,6,26,0,1
2023,00-0036427,Tyler Johnson,WR,LA,1,8.05,8.05,0,0,0,0,0,0,0,0,0,3,2,8,1,1
2023,00-0036429,Charlie Woerner,TE,SF,10,4.95,0.5,0,0,0,0,0,0,0,0,0,3,3,32,0,1
2023,00-0036438,Stephen Sullivan,TE,CAR,10,19.75,1.98,0,0,0,0,0,0,0,0,0,24,12,125,0,5
2023,00-0036442,Joe Burrow,QB,CIN,10,138.16,13.82,365,244,2309,15,6,31,88,0,9,0,0,0,0,0
2023,00-0036450,Ke'Shawn Vaughn,RB,TB,5,7.8,1.56,0,0,0,0,0,24,42,0,0,5,2,2,0,0
2023,00-0036482,Mike Strachan,WR,CAR,2,6.25,3.12,0,0,0,0,0,0,0,0,0,3,1,45,0,1
2023,00-0036493,Deon Jackson,RB,NYG,2,1.15,0.57,0,0,0,0,0,14,16,0,1,6,5,14,0,0
2023,00-0036497,Tim Jones,WR,JAX,10,14.8,1.48,0,0,0,0,0,0,0,0,0,18,11,83,0,4
2023,00-0036510,Kenny Yeboah,TE,NYJ,3,4.05,1.35,0,0,0,0,0,0,0,0,0,4,2,28,0,1
2023,00-0036527,DJ Turner,WR,LV,7,0.0,0.0,0,0,0,0,0,0,0,0,0,0,0,0,0,0
2023,00-0036550,Rashod Bateman,WR,BAL,15,70.35,4.69,0,0,0,0,0,1,18,0,1,56,32,367,1,20
2023,00-0036554,Nico Collins,WR,HOU,15,243.25,16.22,0,0,0,0,0,1,7,0,0,109,80,1297,8,53
2023,00-0036555,Chuba Hubbard,RB,CAR,17,208.8,12.28,0,0,0,0,0,238,902,5,59,44,39,233,0,9
2023,00-0036556,Brevin Jordan,TE,HOU,10,47.15,4.72,0,0,0,0,0,0,0,0,0,21,17,219,2,13
2023,00-0036567,Elijah Mitchell,RB,SF,11,60.5,5.5,0,0,0,0,0,75,281,2,14,8,6,14,0,2
2023,00-0036569,Gary Brightwell,RB,NYG,4,10.5,2.62,0,0,0,0,0,9,19,0,0,7,5,47,0,2
2023,00-0036590,Quintin Morris,TE,BUF,2,9.85,4.92,0,0,0,0,0,0,0,0,0,3,2,26,1,1
2023,00-0036613,Jaylen Waddle,WR,MIA,14,181.4,12.96,0,0,0,0,0,3,12,0,1,104,72,1014,4,47
2023,00-0036620,Dee Eskridge,WR,SEA,4,0.95,0.24,0,0,0,0,0,2,5,0,1,1,0,0,0,0
2023,00-0036626,Dyami Brown,WR,WAS,16,31.16,1.95,1,1,4,0,0,1,0,0,0,23,12,168,1,8
2023,00-0036628,John Bates,TE,WAS,15,26.1,1.74,0,0,0,0,0,0,0,0,0,28,19,151,0,6
2023,00-0036630,Tylan Wallace,WR,BAL,6,11.85,1.98,0,0,0,0,0,0,0,0,0,2,1,11,0,1
2023,00-0036635,Ihmir Smith-Marsette,WR,CAR,17,33.55,1.97,0,0,0,0,0,8,74,1,4,10,8,51,0,5
2023,00-0036637,Noah Gray,TE,KC,16,64.95,4.06,0,0,0,0,0,1,1,0,0,41,28,305,2,15
2023,00-0036646,Simi Fehoko,WR,LAC,2,7.65,3.82,0,0,0,0,0,0,0,0,0,2,1,9,1,1
2023,00-0036741,Jack Stoll,TE,PHI,6,6.8,1.13,0,0,0,0,0,0,0,0,0,8,5,38,0,2
2023,00-0036754,Brock Wright,TE,DET,9,22.1,2.46,0,0,0,0,0,0,0,0,0,14,13,91,1,2
2023,00-0036841,Austin Trammell,WR,LA,15,0.4,0.03,0,0,0,0,0,0,0,0,0,7,4,29,0,2
2023,00-0036842,Kene Nwangwu,RB,MIN,8,1.8,0.22,0,0,0,0,0,5,13,0,0,0,0,0,0,0
2023,00-0036849,Tutu Atwell,WR,LA,14,108.9,7.78,0,0,0,0,0,5,31,0,2,67,39,483,3,26
2023,00-0036857,Chris Evans,RB,CIN,3,1.8,0.6,0,0,0,0,0,2,12,0,0,1,1,-1,0,0
2023,00-0036860,Jake Funk,RB,IND,1,3.15,3.15,0,0,0,0,0,2,10,0,0,1,1,12,0,1
2023,00-0036862,Ben Skowronek,WR,LA,13,18.7,1.44,0,0,0,0,0,2,9,0,1,12,8,66,1,3
2023,00-0036875,Rhamondre Stevenson,RB,NE,12,159.3,13.28,0,0,0,0,0,156,619,4,36,51,38,238,0,8
2023,00-0036876,Kylen Granson,TE,IND,15,69.6,4.64,0,0,0,0,0,1,2,0,1,50,30,368,1,19
2023,00-0036877,Jaelon Darden,WR,CLE,1,0.0,0.0,0,0,0,0,0,0,0,0,0,0,0,0,0,0
2023,00-0036887,Luke Farrell,TE,JAX,10,24.25,2.42,0,0,0,0,0,0,0,0,0,15,13,155,0,5
2023,00-0036893,Najee Harris,RB,PIT,17,224.0,13.18,0,0,0,0,0,255,1035,8,51,38,29,170,0,9
2023,00-0036894,Pat Freiermuth,TE,PIT,11,70.55,6.41,0,0,0,0,0,0,0,0,0,47,32,308,2,17
2023,00-0036898,Davis Mills,QB,HOU,5,15.57,3.11,39,18,173,2,0,2,9,0,0,0,0,0,0,0
2023,00-0036900,Ja'Marr Chase,WR,CIN,16,236.37,14.77,1,1,-7,0,0,3,-6,0,0,145,100,1216,7,63
2023,00-0036906,Khalil Herbert,RB,CHI,12,128.7,10.72,0,0,0,0,0,132,611,2,25,31,20,134,1,9
2023,00-0036912,DeVonta Smith,WR,PHI,16,205.35,12.83,0,0,0,0,0,0,0,0,0,112,81,1066,7,47
2023,00-0036913,Kadarius Toney,WR,KC,13,42.85,3.3,1,0,0,0,0,11,31,0,2,38,27,169,1,12
2023,00-0036919,Kenny Gainwell,RB,PHI,16,100.88,6.3,1,1,17,0,0,84,364,2,19,37,30,183,0,11
2023,00-0036924,Michael Carter,RB,ARI,15,53.3,3.55,0,0,0,0,0,30,187,0,9,31,24,101,1,5
2023,00-0036928,Kyle Trask,QB,TB,2,-0.25,-0.12,1,0,0,0,0,1,-1,0,0,0,0,0,0,0
2023,00-0036936,Rondale Moore,WR,ARI,17,99.8,5.87,0,0,0,0,0,28,178,1,5,62,40,352,1,17
2023,00-0036945,Justin Fields,QB,CHI,13,206.28,15.87,370,227,2562,16,9,124,657,4,43,0,0,0,0,0
2023,00-0036955,Terrace Marshall Jr.,WR,CAR,8,24.4,3.05,0,0,0,0,0,0,0,0,0,33,19,139,0,8
2023,00-0036959,Michael Bandy,WR,DEN,1,0.0,0.0,0,0,0,0,0,0,0,0,0,0,0,0,0,0
2023,00-0036963,Amon-Ra St. Brown,WR,DET,16,296.55,18.53,0,0,0,0,0,4,24,0,2,164,119,1515,10,75
2023,00-0036970,Kyle Pitts,TE,ATL,17,124.15,7.3,0,0,0,0,0,1,-4,0,0,90,53,667,3,35
2023,00-0036971,Trevor Lawrence,QB,JAX,16,242.79,15.17,564,370,4016,21,14,70,339,4,23,0,0,0,0,0
2023,00-0036972,Mac Jones,QB,NE,11,83.4,7.58,345,224,2120,10,12,26,96,0,11,0,0,0,0,0
2023,00-0036973,Travis Etienne,RB,JAX,17,312.1,18.36,0,0,0,0,0,267,1008,11,53,73,58,476,1,23
2023,00-0036980,Elijah Moore,WR,CLE,16,114.75,7.17,0,0,0,0,0,9,11,0,2,104,59,640,2,29
2023,00-0036984,Trey Sermon,RB,IND,8,24.05,3.01,0,0,0,0,0,35,160,0,7,6,3,13,0,0
2023,00-0036988,Josh Palmer,WR,LAC,10,99.8,9.98,0,0,0,0,0,1,6,0,0,61,38,581,2,22
2023,00-0036991,Amari Rodgers,WR,IND,1,0.0,0.0,0,0,0,0,0,0,0,0,0,2,0,0,0,0
2023,00-0036997,Javonte Williams,RB,DEN,16,197.15,12.32,0,0,0,0,0,217,774,3,41,58,47,228,2,10
2023,00-0037004,Hunter Long,TE,LA,1,0.0,0.0,0,0,0,0,0,0,0,0,0,0,0,0,0,0
2023,00-0037005,Tommy Tremble,TE,CAR,15,51.4,3.43,0,0,0,0,0,0,0,0,0,32,23,194,3,10
2023,00-0037011,Tre' McKitty,TE,LAC,1,0.0,0.0,0,0,0,0,0,0,0,0,0,0,0,0,0,0
2023,00-0037013,Zach Wilson,QB,NYJ,12,65.64,5.47,368,221,2271,8,7,36,211,0,7,0,0,0,0,0
2023,00-0037039,Devon Allen,WR,PHI,1,0.0,0.0,0,0,0,0,0,0,0,0,0,0,0,0,0,0
2023,00-0037077,Sam Howell,QB,WAS,17,194.39,11.43,612,388,3946,21,21,48,263,5,19,1,1,4,0,0
2023,00-0037078,Cole Turner,TE,WAS,8,18.5,2.31,0,0,0,0,0,0,0,0,0,15,11,120,0,4
2023,00-0037086,Grant Calcaterra,TE,PHI,3,6.65,2.22,0,0,0,0,0,0,0,0,0,4,4,39,0,3
2023,00-0037093,Dareke Young,WR,SEA,1,0.0,0.0,0,0,0,0,0,0,0,0,0,0,0,0,0,0
2023,00-0037098,Samori Toure,WR,GB,8,12.8,1.6,0,0,0,0,0,0,0,0,0,18,8,78,0,4
2023,00-0037120,Tyler Goodson,RB,IND,6,17.65,2.94,0,0,0,0,0,13,87,0,4,9,6,34,0,1
2023,00-0037132,Britain Covey,WR,PHI,15,4.7,0.31,0,0,0,0,0,0,0,0,0,6,4,42,0,2
2023,00-0037156,Irvin Charles,WR,NYJ,6,0.0,0.0,0,0,0,0,0,0,0,0,0,1,0,0,0,0
2023,00-0037157,Bam Knight,RB,DET,2,2.9,1.45,0,0,0,0,0,3,13,0,0,1,1,8,0,0
2023,00-0037197,Isiah Pacheco,RB,KC,14,234.65,16.76,0,0,0,0,0,205,935,7,53,49,44,244,2,12
2023,00-0037216,Justyn Ross,WR,KC,6,8.8,1.47,0,0,0,0,0,0,0,0,0,11,6,53,0,2
2023,00-0037228,Jaylen Warren,RB,PIT,17,200.55,11.8,0,0,0,0,0,149,784,4,36,74,61,370,0,19
2023,00-0037238,Drake London,WR,ATL,16,157.73,9.86,1,1,22,0,0,0,0,0,0,110,69,905,2,45
2023,00-0037239,Chris Olave,WR,NO,16,210.55,13.16,0,0,0,0,0,0,0,0,0,138,87,1123,5,57
2023,00-0037240,Jameson Williams,WR,DET,12,77.85,6.49,0,0,0,0,0,3,29,1,1,42,24,354,2,14
2023,00-0037247,George Pickens,WR,PIT,17,196.1,11.54,0,0,0,0,0,3,18,0,2,106,63,1140,5,42
2023,00-0037248,James Cook,RB,BUF,17,258.65,15.21,0,0,0,0,0,237,1122,2,53,54,44,445,4,16
2023,00-0037252,Greg Dulcich,TE,DEN,2,4.5,2.25,0,0,0,0,0,0,0,0,0,4,3,25,0,2
2023,00-0037256,Rachaad White,RB,TB,17,287.35,16.9,0,0,0,0,0,272,990,6,46,70,64,549,3,23
2023,00-0037257,David Bell,WR,CLE,9,44.95,4.99,0,0,0,0,0,0,0,0,0,23,14,167,3,9
2023,00-0037258,Dameon Pierce,RB,HOU,14,103.45,7.39,0,0,0,0,0,145,416,2,14,17,13,101,0,3
2023,00-0037261,Khalil Shakir,WR,BUF,16,105.95,6.62,0,0,0,0,0,1,10,0,1,45,39,611,2,26
2023,00-0037263,Tyler Allgeier,RB,ATL,17,165.95,9.76,0,0,0,0,0,186,683,4,39,23,18,193,1,6
2023,00-0037267,Jerome Ford,RB,CLE,17,233.85,13.76,0,0,0,0,0,204,813,4,33,63,44,319,5,16
2023,00-0037272,Montrell Washington,WR,KC,4,-2.0,-0.5,0,0,0,0,0,0,0,0,0,0,0,0,0,0
2023,00-0037273,Kyle Philips,WR,TEN,8,24.85,3.11,0,0,0,0,0,0,0,0,0,22,15,181,0,9
2023,00-0037276,Ty Chandler,RB,MIN,16,111.95,7.0,0,0,0,0,0,102,461,3,20,25,21,159,0,7
2023,00-0037277,Teagan Quitoriano,TE,HOU,3,4.8,1.6,0,0,0,0,0,0,0,0,0,3,2,33,0,2
2023,00-0037282,James Mitchell,TE,DET,2,4.05,2.02,0,0,0,0,0,0,0,0,0,2,2,28,0,1
2023,00-0037286,Kevin Harris,RB,NE,4,23.4,5.85,0,0,0,0,0,16,65,1,2,3,3,58,0,2
2023,00-0037291,Jalen Nailor,WR,MIN,3,4.65,1.55,0,0,0,0,0,0,0,0,0,6,3,29,0,1
2023,00-0037292,Andrew Ogletree,TE,IND,11,33.2,3.02,0,0,0,0,0,0,0,0,0,21,9,147,2,8
2023,00-0037299,Keaontay Ingram,RB,ARI,7,16.75,2.39,0,0,0,0,0,35,74,0,4,4,4,26,0,1
2023,00-0037306,John FitzPatrick,TE,ATL,3,1.95,0.65,0,0,0,0,0,0,0,0,0,1,1,12,0,1
2023,00-0037311,Ko Kieft,TE,TB,10,6.95,0.7,0,0,0,0,0,0,0,0,0,5,1,2,1,1
2023,00-0037317,Nick Muse,TE,MIN,1,2.95,2.95,0,0,0,0,0,0,0,0,0,1,1,22,0,1
2023,00-0037382,Brandon Johnson,WR,DEN,10,73.4,7.34,0,0,0,0,0,0,0,0,0,30,19,284,4,12
2023,00-0037410,Jashaun Corbin,RB,NYG,3,3.4,1.13,0,0,0,0,0,1,1,0,1,3,3,12,0,1
2023,00-0037420,Kwamie Lassiter II,WR,CIN,1,0.7,0.7,0,0,0,0,0,0,0,0,0,1,1,2,0,0
2023,00-0037429,Raheem Blackshear,RB,CAR,9,17.0,1.89,0,0,0,0,0,14,46,0,1,7,6,45,0,1
2023,00-0037451,Rod Williams,TE,PIT,6,0.0,0.0,0,0,0,0,0,0,0,0,0,2,0,0,0,0
2023,00-0037475,Stone Smartt,TE,LAC,12,29.5,2.46,0,0,0,0,0,0,0,0,0,21,11,155,1,6
2023,00-0037487,Deven Thompkins,WR,TB,17,26.45,1.56,0,0,0,0,0,8,56,0,4,25,17,83,1,5
2023,00-0037506,Cole Fotheringham,TE,LV,1,1.1,1.1,0,0,0,0,0,0,0,0,0,1,1,6,0,0
2023,00-0037525,Jordan Mason,RB,SF,16,52.2,3.26,0,0,0,0,0,40,206,3,13,4,3,31,0,1
2023,00-0037539,Lucas Krull,TE,DEN,7,20.75,2.96,0,0,0,0,0,0,0,0,0,14,8,95,1,5
2023,00-0037545,Rashid Shaheed,WR,NO,15,154.8,10.32,0,0,0,0,0,7,37,0,1,75,46,719,5,27
2023,00-0037557,Ronnie Rivers,RB,LA,9,21.8,2.42,0,0,0,0,0,32,129,0,4,5,5,22,0,0
2023,00-0037563,Malik Davis,RB,DAL,1,0.0,0.0,0,0,0,0,0,0,0,0,0,0,0,0,0,0
2023,00-0037569,Peyton Hendershot,TE,DAL,8,6.15,0.77,0,0,0,0,0,1,0,0,0,7,4,38,0,1
2023,00-0037594,Julius Chestnut,RB,TEN,1,0.0,0.0,0,0,0,0,0,0,0,0,0,0,0,0,0,0
2023,00-0037614,John Metchie III,WR,HOU,14,26.05,1.86,0,0,0,0,0,1,4,0,0,30,16,158,0,7
2023,00-0037654,Tucker Fisk,TE,ATL,2,1.65,0.82,0,0,0,0,0,0,0,0,0,1,1,9,0,1
2023,00-0037664,Alec Pierce,WR,IND,17,91.9,5.41,0,0,0,0,0,0,0,0,0,65,32,514,2,24
2023,00-0037666,Jalen Tolbert,WR,DAL,14,55.55,3.97,0,0,0,0,0,0,0,0,0,36,22,268,2,13
2023,00-0037740,Garrett Wilson,WR,NYJ,17,182.35,10.73,1,0,0,0,0,4,0,0,1,168,95,1042,3,47
2023,00-0037741,Jahan Dotson,WR,WAS,17,111.55,6.56,0,0,0,0,0,0,0,0,0,83,49,518,4,27
2023,00-0037742,Treylon Burks,WR,TEN,9,36.9,4.1,0,0,0,0,0,5,18,0,0,30,16,221,0,8
2023,00-0037744,Trey McBride,TE,ARI,17,155.0,9.12,0,0,0,0,0,0,0,0,0,106,81,825,3,42
2023,00-0037745,Velus Jones Jr.,WR,CHI,13,11.15,0.86,0,0,0,0,0,8,51,0,4,7,4,20,0,1
2023,00-0037746,Brian Robinson,RB,WAS,15,221.4,14.76,0,0,0,0,0,178,733,5,47,43,36,368,4,15
2023,00-0037801,KaVontae Turpin,WR,DAL,16,58.3,3.64,0,0,0,0,0,11,110,1,5,18,12,127,3,9
2023,00-0037805,Jeremy Ruckert,TE,NYJ,10,24.6,2.46,0,0,0,0,0,0,0,0,0,22,16,151,0,6
2023,00-0037809,Chig Okonkwo,TE,TEN,17,97.6,5.74,0,0,0,0,0,2,6,0,1,77,54,528,1,25
2023,00-0037816,Romeo Doubs,WR,GB,17,158.65,9.33,0,0,0,0,0,0,0,0,0,96,59,674,8,41
2023,00-0037827,Tyrion Davis-Price,RB,SF,1,2.95,2.95,0,0,0,0,0,6,21,0,1,0,0,0,0,0
2023,00-0037834,Brock Purdy,QB,SF,16,304.55,19.03,444,308,4280,31,11,39,144,2,15,0,0,0,0,0
2023,00-0037837,Calvin Austin III,WR,PIT,16,47.05,2.94,0,0,0,0,0,11,57,1,4,30,17,180,1,7
2023,00-0037838,Isaiah Likely,TE,BAL,14,95.35,6.81,0,0,0,0,0,0,0,0,0,40,30,411,5,15
2023,00-0037840,Kyren Williams,RB,LA,12,284.55,23.71,0,0,0,0,0,228,1144,12,62,48,32,206,3,9
2023,00-0038040,Zamir White,RB,LV,13,87.05,6.7,0,0,0,0,0,104,451,1,19,19,15,98,0,4
2023,00-0038041,Jake Ferguson,TE,DAL,17,157.1,9.24,0,0,0,0,0,0,0,0,0,102,71,761,5,40
2023,00-0038045,Isaiah Spiller,RB,LAC,9,20.2,2.24,0,0,0,0,0,37,96,0,1,6,6,34,0,1
2023,00-0038046,Charlie Kolar,TE,BAL,9,19.45,2.16,0,0,0,0,0,0,0,0,0,9,7,87,1,5
2023,00-0038090,Skyy Moore,WR,KC,13,49.5,3.81,0,0,0,0,0,3,23,0,1,38,21,244,1,13
2023,00-0038092,Erik Ezukanma,WR,MIA,2,2.95,1.48,0,0,0,0,0,5,22,0,1,1,0,0,0,0
2023,00-0038098,Pierre Strong,RB,CLE,16,54.85,3.43,0,0,0,0,0,63,291,1,10,8,5,47,0,1
2023,00-0038102,Kenny Pickett,QB,PIT,12,92.25,7.69,324,201,2070,6,4,42,54,1,12,0,0,0,0,0
2023,00-0038104,Tyquan Thornton,WR,NE,9,22.0,2.44,0,0,0,0,0,3,51,0,1,23,13,91,0,3
2023,00-0038108,Bailey Zappe,QB,NE,10,40.33,4.03,212,127,1272,6,9,17,83,1,6,0,0,0,0,0
2023,00-0038115,Daniel Bellinger,TE,NYG,14,44.0,3.14,0,0,0,0,0,0,0,0,0,28,25,255,0,6
2023,00-0038117,Wan'Dale Robinson,WR,NYG,15,116.85,7.79,0,0,0,0,0,9,87,1,4,78,60,525,1,29
2023,00-0038120,Breece Hall,RB,NYJ,17,304.8,17.93,0,0,0,0,0,223,994,5,40,95,76,591,4,28
2023,00-0038122,Desmond Ridder,QB,ATL,15,147.09,9.81,388,249,2836,12,12,53,193,5,18,1,1,-6,0,0
2023,00-0038124,Christian Watson,WR,GB,9,99.45,11.05,0,0,0,0,0,4,11,0,1,53,28,422,5,20
2023,00-0038128,Malik Willis,QB,TEN,2,-0.04,-0.02,5,4,74,0,0,5,21,0,1,0,0,0,0,0
2023,00-0038129,Cade Otton,TE,TB,17,103.0,6.06,0,0,0,0,0,0,0,0,0,67,47,455,4,22
2023,00-0038134,Kenneth Walker III,RB,SEA,15,230.55,15.37,0,0,0,0,0,219,905,8,46,37,29,259,1,9
2023,00-0038389,Israel Abanikanda,RB,NYJ,6,15.25,2.54,0,0,0,0,0,22,70,0,3,11,7,43,0,2
2023,00-0038391,Sean Clifford,QB,GB,2,0.68,0.34,1,1,37,0,0,3,-2,0,0,0,0,0,0,0
2023,00-0038393,Dontayvion Wicks,WR,GB,15,109.21,7.28,1,1,14,0,0,1,1,0,0,58,39,581,4,29
2023,00-0038394,Will Mallory,TE,IND,11,33.95,3.09,0,0,0,0,0,0,0,0,0,26,18,207,0,11
2023,00-0038396,Eric Gray,RB,NYG,10,9.2,0.92,0,0,0,0,0,17,48,0,2,7,6,22,0,0
2023,00-0038397,Evan Hull,RB,IND,1,1.3,1.3,0,0,0,0,0,1,1,0,0,1,1,6,0,0
2023,00-0038416,Tyson Bagent,QB,CHI,5,49.96,9.99,143,94,859,3,6,23,109,2,11,0,0,0,0,0
2023,00-0038454,Keaton Mitchell,RB,BAL,7,82.6,11.8,0,0,0,0,0,47,396,2,19,11,9,93,0,5
2023,00-0038465,Malik Heath,WR,GB,12,27.5,2.29,0,0,0,0,0,0,0,0,0,24,15,125,1,6
2023,00-0038468,Henry Pearson,TE,GB,1,0.0,0.0,0,0,0,0,0,0,0,0,0,0,0,0,0,0
2023,00-0038476,Tommy DeVito,QB,NYG,9,66.79,7.42,178,114,1101,8,3,36,195,1,7,0,0,0,0,0
2023,00-0038488,Brady Russell,RB,SEA,6,0.0,0.0,0,0,0,0,0,0,0,0,0,0,0,0,0,0
2023,00-0038489,Ben VanSumeren,RB,PHI,5,0.0,0.0,0,0,0,0,0,0,0,0,0,0,0,0,0,0
2023,00-0038492,Jason Brownlee,WR,NYJ,4,14.6,3.65,0,0,0,0,0,0,0,0,0,8,5,56,1,2
2023,00-0038496,Xavier Gipson,WR,NYJ,17,52.75,3.1,0,0,0,0,0,8,68,1,4,38,21,229,0,9
2023,00-0038542,Bijan Robinson,RB,ATL,17,263.2,15.48,0,0,0,0,0,214,976,4,50,86,58,487,4,24
2023,00-0038543,Jaxon Smith-Njigba,WR,SEA,17,130.05,7.65,0,0,0,0,0,0,0,0,0,93,63,628,4,29
2023,00-0038544,Quentin Johnston,WR,LAC,17,85.8,5.05,0,0,0,0,0,3,9,0,0,67,38,431,2,20
2023,00-0038547,Luke Schoonmaker,TE,DAL,12,23.75,1.98,0,0,0,0,0,0,0,0,0,15,8,65,2,5
2023,00-0038551,Kendre Miller,RB,NO,7,46.15,6.59,0,0,0,0,0,41,156,1,10,11,10,117,0,5
2023,00-0038555,Tank Bigsby,RB,JAX,13,28.3,2.18,0,0,0,0,0,50,132,2,12,4,1,6,0,0
2023,00-0038558,Darnell Washington,TE,PIT,8,10.6,1.32,0,0,0,0,0,0,0,0,0,10,7,61,0,4
2023,00-0038559,Michael Wilson,WR,ARI,13,109.25,8.4,0,0,0,0,0,0,0,0,0,58,38,565,3,29
2023,00-0038563,Tre Tucker,WR,LV,13,74.8,5.75,0,0,0,0,0,10,77,0,4,34,19,331,2,12
2023,00-0038573,Derius Davis,WR,LAC,17,32.85,1.93,0,0,0,0,0,14,101,0,5,17,15,66,0,0
2023,00-0038576,Charlie Jones,WR,CIN,11,22.4,2.04,0,0,0,0,0,2,13,0,1,9,7,64,0,3
2023,00-0038579,Aidan O'Connell,QB,LV,11,103.57,9.42,343,213,2218,12,7,17,11,1,7,0,0,0,0,0
2023,00-0038582,Clayton Tune,QB,ARI,6,-2.02,-0.34,21,12,62,0,2,8,30,1,3,0,0,0,0,0
2023,00-0038583,Dorian Thompson-Robinson,QB,CLE,7,9.0,1.29,112,60,440,1,4,14,65,0,4,0,0,0,0,0
2023,00-0038589,Josh Whyle,TE,TEN,9,21.9,2.43,0,0,0,0,0,0,0,0,0,15,9,94,1,8
2023,00-0038597,Chase Brown,RB,CIN,12,53.4,4.45,0,0,0,0,0,44,179,0,6,15,14,156,1,4
2023,00-0038598,Jaren Hall,QB,MIN,3,-3.73,-1.24,20,13,168,0,1,6,14,0,0,0,0,0,0,0
2023,00-0038606,Parker Washington,WR,JAX,8,30.45,3.81,0,0,0,0,0,0,0,0,0,21,16,132,2,5
2023,00-0038608,Kayshon Boutte,WR,NE,3,3.15,1.05,0,0,0,0,0,0,0,0,0,7,2,19,0,1
2023,00-0038611,Chris Rodriguez Jr.,RB,WAS,9,46.25,5.14,0,0,0,0,0,51,247,2,14,2,2,12,0,1
2023,00-0038612,A.T. Perry,WR,NO,8,59.6,7.45,0,0,0,0,0,0,0,0,0,18,12,246,4,10
2023,00-0038618,Xavier Hutchinson,WR,HOU,12,19.9,1.66,0,0,0,0,0,5,49,0,3,19,8,90,0,3
2023,00-0038619,Andrei Iosivas,WR,CIN,11,45.85,4.17,0,0,0,0,0,0,0,0,0,25,15,116,4,11
2023,00-0038621,DeMario Douglas,WR,NE,14,94.0,6.71,0,0,0,0,0,8,41,0,2,79,49,561,0,26
2023,00-0038622,Deuce Vaughn,RB,DAL,6,14.3,2.38,0,0,0,0,0,23,40,0,1,7,7,40,0,1
2023,00-0038627,Antoine Green,WR,DET,2,0.7,0.35,0,0,0,0,0,0,0,0,0,2,1,2,0,0
2023,00-0038632,Colton Dowell,WR,TEN,4,0.8,0.2,0,0,0,0,0,0,0,0,0,2,1,3,0,0
2023,00-0038640,Jalen Brooks,WR,DAL,3,10.4,3.47,0,0,0,0,0,0,0,0,0,6,6,64,0,4
2023,00-0038643,Brayden Willis,TE,SF,1,0.0,0.0,0,0,0,0,0,0,0,0,0,0,0,0,0,0
2023,00-0038647,Ronnie Bell,WR,SF,13,28.05,2.16,0,0,0,0,0,0,0,0,0,13,6,68,3,5
2023,00-0038656,Mohamed Ibrahim,RB,DET,1,0.0,0.0,0,0,0,0,0,0,0,0,0,0,0,0,0,0
2023,00-0038667,Elijah Cooks,WR,JAX,4,5.8,1.45,0,0,0,0,0,0,0,0,0,4,3,38,0,2
2023,00-0038678,Jordan Mims,RB,NO,2,0.0,0.0,0,0,0,0,0,0,0,0,0,2,0,0,0,0
2023,00-0038685,Chris Brooks,RB,MIA,3,14.0,4.67,0,0,0,0,0,19,106,0,2,0,0,0,0,0
2023,00-0038705,Emari Demercado,RB,ARI,11,78.1,7.1,0,0,0,0,0,58,284,2,12,30,21,119,0,4
2023,00-0038720,Julian Hill,TE,MIA,10,5.3,0.53,0,0,0,0,0,0,0,0,0,9,6,48,0,2
2023,00-0038738,Hunter Luepke,RB,DAL,10,13.3,1.33,0,0,0,0,0,6,19,1,5,4,3,18,0,1
2023,00-0038752,Jake Bobo,WR,SEA,14,50.0,3.57,0,0,0,0,0,1,3,1,1,25,19,196,2,9
2023,00-0038783,Nate Adkins,TE,DEN,5,4.45,0.89,0,0,0,0,0,0,0,0,0,5,4,22,0,1
2023,00-0038794,Jaleel McLaughlin,RB,DEN,17,107.85,6.34,0,0,0,0,0,76,410,1,16,36,31,160,2,5
2023,00-0038797,Emanuel Wilson,RB,GB,5,13.95,2.79,0,0,0,0,0,14,85,0,2,5,4,23,0,1
2023,00-0038809,Ben Sims,TE,GB,6,10.85,1.81,0,0,0,0,0,0,0,0,0,6,4,21,1,3
2023,00-0038821,Rakim Jarrett,WR,TB,7,9.35,1.34,0,0,0,0,0,1,0,0,0,9,4,60,0,1
2023,00-0038862,Elijah Dotson,RB,LAC,1,3.3,3.3,0,0,0,0,0,4,6,0,0,2,2,13,0,0
2023,00-0038891,Shedrick Jackson,WR,CIN,2,0.0,0.0,0,0,0,0,0,0,0,0,0,1,0,0,0,0
2023,00-0038911,Malik Cunningham,WR,NE,1,-1.0,-1.0,0,0,0,0,0,0,0,0,0,0,0,0,0,0
2023,00-0038933,Dalton Kincaid,TE,BUF,16,125.55,7.85,0,0,0,0,0,0,0,0,0,91,73,673,2,29
2023,00-0038935,Brenton Strange,TE,JAX,7,12.5,1.79,0,0,0,0,0,0,0,0,0,9,5,35,1,2
2023,00-0038938,Jalin Hyatt,WR,NYG,13,58.05,4.47,0,0,0,0,0,0,0,0,0,40,23,373,0,11
2023,00-0038941,Tyler Scott,WR,CHI,13,30.1,2.32,0,0,0,0,0,7,41,0,2,32,17,168,0,10
2023,00-0038951,Sean Tucker,RB,TB,3,5.95,1.98,0,0,0,0,0,15,23,0,1,2,2,9,0,0
2023,00-0038969,Kearis Jackson,WR,TEN,2,0.0,0.0,0,0,0,0,0,0,0,0,0,0,0,0,0,0
2023,00-0038976,Marvin Mims Jr.,WR,DEN,16,73.85,4.62,0,0,0,0,0,9,30,0,2,33,22,377,1,9
2023,00-0038977,Tank Dell,WR,HOU,10,157.35,15.74,0,0,0,0,0,11,51,0,3,75,47,709,7,34
2023,00-0038979,Cedric Tillman,WR,CLE,11,38.3,3.48,0,0,0,0,0,1,8,0,0,44,21,224,0,12
2023,00-0038994,Jordan Addison,WR,MIN,17,203.4,11.96,0,0,0,0,0,1,2,0,0,108,70,911,10,38
2023,00-0038996,Tucker Kraft,TE,GB,14,73.0,5.21,0,0,0,0,0,0,0,0,0,40,31,355,2,18
2023,00-0038997,Josh Downs,WR,IND,17,137.1,8.06,0,0,0,0,0,0,0,0,0,98,68,771,2,30
2023,00-0039021,Roschon Johnson,RB,CHI,15,103.7,6.91,0,0,0,0,0,81,352,2,16,40,34,209,0,6
2023,00-0039032,Tyjae Spears,RB,TEN,17,157.05,9.24,0,0,0,0,0,100,453,2,24,70,52,385,1,17
2023,00-0039040,De'Von Achane,RB,MIA,11,205.0,18.64,0,0,0,0,0,103,800,8,30,37,27,197,3,10
2023,00-0039041,Elijah Higgins,TE,ARI,11,31.55,2.87,0,0,0,0,0,0,0,0,0,19,14,163,1,9
2023,00-0039050,Payne Durham,TE,TB,6,9.05,1.51,0,0,0,0,0,0,0,0,0,7,5,58,0,3
2023,00-0039052,Trey Palmer,WR,TB,17,83.5,4.91,0,0,0,0,0,3,22,0,1,68,39,385,3,17
2023,00-0039062,Jonathan Mingo,WR,CAR,15,71.55,4.77,0,0,0,0,0,0,0,0,0,85,43,418,0,15
2023,00-0039064,Zay Flowers,WR,BAL,16,188.7,11.79,0,0,0,0,0,8,56,1,1,108,77,858,5,41
2023,00-0039065,Sam LaPorta,TE,DET,17,216.9,12.76,0,0,0,0,0,1,4,0,0,120,86,889,10,48
2023,00-0039066,Michael Mayer,TE,LV,13,68.15,5.24,0,0,0,0,0,0,0,0,0,40,27,304,2,19
2023,00-0039067,Rashee Rice,WR,KC,16,187.6,11.72,0,0,0,0,0,1,-3,0,0,102,79,938,7,44
2023,00-0039074,Davis Allen,TE,LA,7,22.25,3.18,0,0,0,0,0,0,0,0,0,11,10,95,1,7
2023,00-0039075,Puka Nacua,WR,LA,17,271.95,16.0,0,0,0,0,0,12,89,0,5,160,105,1486,6,68
2023,00-0039136,Zach Evans,RB,LA,4,2.8,0.7,0,0,0,0,0,9,19,0,0,0,0,0,0,0
2023,00-0039139,Jahmyr Gibbs,RB,DET,15,256.8,17.12,0,0,0,0,0,182,945,10,42,71,52,316,1,20
2023,00-0039144,Luke Musgrave,TE,GB,11,66.2,6.02,0,0,0,0,0,0,0,0,0,46,34,352,1,14
2023,00-0039146,Jayden Reed,WR,GB,16,202.3,12.64,0,0,0,0,0,11,119,2,6,94,64,793,8,32
2023,00-0039150,Bryce Young,QB,CAR,16,86.28,5.39,527,315,2877,11,10,39,253,0,18,0,0,0,0,0
2023,00-0039152,Will Levis,QB,TEN,9,74.17,8.24,255,149,1808,8,4,25,57,1,7,0,0,0,0,0
2023,00-0039163,C.J. Stroud,QB,HOU,15,257.07,17.14,499,319,4108,23,5,39,167,3,17,1,1,0,0,0
2023,00-0039164,Anthony Richardson,QB,IND,4,72.18,18.05,84,50,577,3,1,25,136,4,8,0,0,0,0,0
2023,00-0039165,Zach Charbonnet,RB,SEA,16,116.15,7.26,0,0,0,0,0,108,462,1,32,40,33,209,0,7
2024,00-0023459,Aaron Rodgers,QB,NYJ,17,228.83,13.46,584,368,3897,28,11,22,107,0,7,0,0,0,0,0
2024,00-0024243,Marcedes Lewis,TE,CHI,5,0.95,0.19,0,0,0,0,0,0,0,0,0,1,1,2,0,1
2024,00-0026158,Joe Flacco,QB,IND,7,86.64,12.38,248,162,1761,12,7,9,26,0,2,0,0,0,0,0
2024,00-0026300,Josh Johnson,QB,BAL,4,0.13,0.03,3,2,17,0,0,4,1,0,0,0,0,0,0,0
2024,00-0026498,Matthew Stafford,QB,LA,16,198.33,12.4,517,340,3762,20,8,30,41,0,10,0,0,0,0,0
2024,00-0027973,Andy Dalton,QB,CAR,6,54.16,9.03,160,106,989,7,6,11,34,0,2,0,0,0,0,0
2024,00-0028118,Tyrod Taylor,QB,NYJ,2,23.81,11.9,22,17,119,3,0,3,13,0,0,0,0,0,0,0
2024,00-0029263,Russell Wilson,QB,PIT,11,155.48,14.13,336,214,2482,16,5,43,155,2,16,0,0,0,0,0
2024,00-0029604,Kirk Cousins,QB,ATL,14,144.42,10.32,453,303,3508,18,16,23,0,0,2,0,0,0,0,0
2024,00-0030035,Adam Thielen,WR,CAR,10,128.0,12.8,0,0,0,0,0,0,0,0,0,62,48,615,5,28
2024,00-0030061,Zach Ertz,TE,WAS,17,159.4,9.38,0,0,0,0,0,0,0,0,0,91,66,654,7,38
2024,00-0030279,Keenan Allen,WR,CHI,15,164.4,10.96,1,0,0,0,1,0,0,0,0,121,70,744,7,43
2024,00-0030431,Robert Woods,WR,HOU,14,29.8,2.13,0,0,0,0,0,0,0,0,0,30,20,203,0,12
2024,00-0030506,Travis Kelce,TE,KC,16,161.25,10.08,0,0,0,0,0,1,1,0,0,133,97,823,3,47
2024,00-0030564,DeAndre Hopkins,WR,KC,16,131.25,8.2,0,0,0,0,0,0,0,0,0,80,56,610,5,35
2024,00-0030565,Geno Smith,QB,SEA,17,233.5,13.74,578,407,4320,21,15,53,272,2,17,0,0,0,0,0
2024,00-0030578,Cordarrelle Patterson,RB,PIT,13,36.7,2.82,0,0,0,0,0,32,135,0,7,14,12,80,1,5
2024,00-0031235,Odell Beckham Jr.,WR,MIA,8,10.75,1.34,0,0,0,0,0,0,0,0,0,19,9,55,0,3
2024,00-0031236,Brandin Cooks,WR,DAL,10,66.15,6.62,0,0,0,0,0,3,-3,0,0,54,26,259,3,19
2024,00-0031280,Derek Carr,QB,NO,10,161.5,16.15,279,189,2145,15,5,17,71,1,4,0,0,0,0,0
2024,00-0031299,Jordan Matthews,TE,CAR,2,0.0,0.0,0,0,0,0,0,0,0,0,0,1,0,0,0,0
2024,00-0031345,Jimmy Garoppolo,QB,LA,1,18.26,18.26,41,27,334,2,1,2,5,0,0,0,0,0,0,0
2024,00-0031381,Davante Adams,WR,NYJ,14,219.55,15.68,0,0,0,0,0,0,0,0,0,141,85,1063,8,49
2024,00-0031408,Mike Evans,WR,TB,14,222.15,15.87,0,0,0,0,0,0,0,0,0,110,74,1004,11,53
2024,00-0031428,Allen Robinson,WR,DET,6,5.25,0.88,0,0,0,0,0,0,0,0,0,7,3,30,0,3
2024,00-0031484,Chris Manhertz,TE,NYG,8,11.0,1.38,0,0,0,0,0,0,0,0,0,4,3,30,1,2
2024,00-0031503,Jameis Winston,QB,CLE,11,111.74,10.16,296,181,2121,13,12,25,83,1,17,0,0,0,0,0
2024,00-0031544,Amari Cooper,WR,BUF,13,111.45,8.57,0,0,0,0,0,0,0,0,0,85,44,547,4,25
2024,00-0031549,Nelson Agholor,WR,BAL,13,47.1,3.62,0,0,0,0,0,0,0,0,0,29,14,231,2,10
2024,00-0031585,MyCole Pruitt,TE,PIT,7,13.5,1.93,0,0,0,0,0,0,0,0,0,10,6,40,1,2
2024,00-0031588,Stefon Diggs,WR,HOU,8,112.32,14.04,1,1,13,0,0,3,8,1,1,64,47,496,3,31
2024,00-0031687,Raheem Mostert,RB,MIA,13,78.15,6.01,0,0,0,0,0,85,278,2,13,23,19,161,0,10
2024,00-0031690,Eric Tomlinson,TE,LAC,5,1.9,0.38,0,0,0,0,0,0,0,0,0,4,2,9,0,0
2024,00-0031763,DeAndre Carter,WR,CHI,13,9.45,0.73,0,0,0,0,0,0,0,0,0,14,9,72,0,3
2024,00-0031800,Taylor Heinicke,QB,LAC,4,0.37,0.09,5,3,28,0,0,2,20,0,1,0,0,0,0,0
2024,00-0031941,Jamison Crowder,WR,WAS,5,20.7,4.14,0,0,0,0,0,0,0,0,0,13,9,72,2,4
2024,00-0032104,Ameer Abdullah,RB,LV,15,127.3,8.49,0,0,0,0,0,66,311,2,14,47,40,261,3,16
2024,00-0032128,Chris Conley,WR,SF,9,11.35,1.26,0,0,0,0,0,0,0,0,0,12,6,76,0,3
2024,00-0032134,C.J. Uzomah,TE,PHI,2,0.0,0.0,0,0,0,0,0,0,0,0,0,0,0,0,0,0
2024,00-0032141,Geoff Swaim,TE,CLE,3,1.2,0.4,0,0,0,0,0,0,0,0,0,1,1,7,0,0
2024,00-0032211,Tyler Lockett,WR,SEA,17,110.0,6.47,0,0,0,0,0,0,0,0,0,74,49,600,2,36
2024,00-0032268,Marcus Mariota,QB,WAS,3,50.96,16.99,44,34,364,4,0,18,92,1,6,0,0,0,0,0
2024,00-0032385,Sterling Shepard,WR,TB,13,75.6,5.82,0,0,0,0,0,8,69,0,4,51,32,334,1,16
2024,00-0032392,Austin Hooper,TE,NE,17,94.85,5.58,0,0,0,0,0,0,0,0,0,59,45,476,3,25
2024,00-0032394,Nick Vannett,TE,TEN,12,41.75,3.48,0,0,0,0,0,0,0,0,0,20,17,135,3,7
2024,00-0032434,Brandon Allen,QB,SF,3,0.11,0.04,30,17,199,1,2,3,4,0,0,0,0,0,0,0
2024,00-0032464,Kalif Raymond,WR,DET,12,56.45,4.7,0,0,0,0,0,2,0,0,1,22,17,215,2,10
2024,00-0032543,Alex Erickson,WR,NE,3,0.0,0.0,0,0,0,0,0,0,0,0,0,0,0,0,0,0
2024,00-0032688,Robbie Chosen,WR,MIA,1,1.0,1.0,0,0,0,0,0,0,0,0,0,4,1,5,0,0
2024,00-0032764,Derrick Henry,RB,BAL,17,392.15,23.07,0,0,0,0,0,325,1921,16,94,22,19,193,2,11
2024,00-0032775,Demarcus Robinson,WR,LA,17,121.25,7.13,0,0,0,0,0,0,0,0,0,64,31,505,7,27
2024,00-0032950,Carson Wentz,QB,KC,2,0.47,0.24,19,12,118,0,0,3,0,0,0,0,0,0,0,0
2024,00-0033009,Tyler Boyd,WR,TEN,15,69.4,4.63,1,0,0,0,0,1,3,0,1,57,39,390,0,20
2024,00-0033040,Tyreek Hill,WR,MIA,17,198.0,11.65,0,0,0,0,0,8,53,0,2,122,81,959,6,54
2024,00-0033045,Ezekiel Elliott,RB,DAL,15,63.65,4.24,0,0,0,0,0,74,226,3,14,15,12,69,0,3
2024,00-0033077,Dak Prescott,QB,DAL,8,97.82,12.23,286,185,1978,11,8,13,54,1,5,0,0,0,0,0
2024,00-0033090,Hunter Henry,TE,NE,16,126.9,7.93,0,0,0,0,0,0,0,0,0,97,66,674,2,40
2024,00-0033106,Jared Goff,QB,DET,17,336.21,19.78,539,390,4629,37,12,35,56,0,9,1,1,7,1,1
2024,00-0033110,Tyler Higbee,TE,LA,3,23.85,7.95,0,0,0,0,0,0,0,0,0,12,8,66,2,5
2024,00-0033119,Jacoby Brissett,QB,NE,7,26.49,3.78,161,95,826,2,1,15,62,0,5,0,0,0,0,0
2024,00-0033217,Mo Alie-Cox,TE,IND,12,28.45,2.37,0,0,0,0,0,0,0,0,0,22,12,147,1,7
2024,00-0033246,Johnny Mundt,TE,MIN,14,37.7,2.69,0,0,0,0,0,0,0,0,0,27,19,142,2,8
2024,00-0033251,Zach Pascal,WR,ARI,3,0.0,0.0,0,0,0,0,0,0,0,0,0,0,0,0,0,0
2024,00-0033280,Christian McCaffrey,RB,SF,4,50.3,12.58,0,0,0,0,0,50,202,0,12,19,15,146,0,6
2024,00-0033282,Curtis Samuel,WR,BUF,14,55.45,3.96,0,0,0,0,0,5,14,0,0,46,31,253,1,9
2024,00-0033288,George Kittle,TE,SF,15,216.6,14.44,0,0,0,0,0,0,0,0,0,94,78,1106,8,50
2024,00-0033292,Trent Taylor,WR,SF,2,1.6,0.8,0,0,0,0,0,0,0,0,0,1,1,11,0,0
2024,00-0033293,Aaron Jones,RB,MIN,17,263.85,15.52,0,0,0,0,0,255,1138,5,49,62,51,408,2,20
2024,00-0033307,Kendrick Bourne,WR,NE,12,58.95,4.91,1,0,0,0,0,1,6,0,1,38,28,305,1,13
2024,00-0033319,Nick Mullens,QB,MIN,4,1.82,0.46,2,2,38,0,0,3,-2,0,0,0,0,0,0,0
2024,00-0033357,Taysom Hill,TE,NO,8,104.44,13.06,4,2,21,0,1,39,278,6,18,31,23,187,0,8
2024,00-0033375,Tim Patrick,WR,DET,15,87.4,5.83,0,0,0,0,0,0,0,0,0,44,33,394,3,20
2024,00-0033376,Patrick Ricard,RB,BAL,9,9.95,1.11,0,0,0,0,0,0,0,0,0,5,3,22,1,1
2024,00-0033439,Pharaoh Brown,TE,SEA,10,8.0,0.8,0,0,0,0,0,0,0,0,0,12,8,65,0,2
2024,00-0033455,Anthony Firkser,TE,KC,1,0.0,0.0,0,0,0,0,0,0,0,0,0,0,0,0,0,0
2024,00-0033460,John Ross,WR,PHI,1,1.35,1.35,0,0,0,0,0,0,0,0,0,2,1,6,0,1
2024,00-0033526,Samaje Perine,RB,KC,17,79.4,4.67,0,0,0,0,0,20,92,1,7,35,28,322,1,15
2024,00-0033536,Mike Williams,WR,PIT,14,54.3,3.88,0,0,0,0,0,0,0,0,0,34,21,298,1,14
2024,00-0033537,Deshaun Watson,QB,CLE,7,45.27,6.47,216,137,1148,5,3,31,148,1,8,0,0,0,0,0
2024,00-0033553,James Conner,RB,ARI,16,284.9,17.81,0,0,0,0,0,236,1094,8,67,55,47,414,1,17
2024,00-0033555,Mack Hollins,WR,BUF,17,95.05,5.59,0,0,0,0,0,0,0,0,0,50,31,378,5,25
2024,00-0033576,Eric Saubert,TE,SF,12,21.45,1.79,0,0,0,0,0,0,0,0,0,14,11,97,1,5
2024,00-0033589,David Moore,WR,CAR,15,78.2,5.21,0,0,0,0,0,1,0,0,0,57,32,351,3,18
2024,00-0033591,Noah Brown,WR,WAS,11,79.55,7.23,0,0,0,0,0,0,0,0,0,56,35,453,1,21
2024,00-0033662,Cooper Rush,QB,DAL,12,96.36,8.03,308,187,1844,12,5,26,18,0,5,0,0,0,0,0
2024,00-0033699,Austin Ekeler,RB,WAS,12,137.75,11.48,0,0,0,0,0,77,367,4,19,41,35,366,0,14
2024,00-0033854,Dare Ogunbowale,RB,HOU,16,52.75,3.3,0,0,0,0,0,30,112,0,5,28,19,198,1,8
2024,00-0033857,JuJu Smith-Schuster,WR,KC,11,49.35,4.49,0,0,0,0,0,0,0,0,0,26,18,231,2,11
2024,00-0033858,Jonnu Smith,TE,MIA,17,195.75,11.51,0,0,0,0,0,2,-1,0,0,111,88,884,8,55
2024,00-0033869,Mitchell Trubisky,QB,BUF,8,19.36,2.42,26,19,179,2,0,17,1,0,1,0,0,0,0,0
2024,00-0033873,Patrick Mahomes,QB,KC,16,275.77,17.24,581,392,3928,26,11,58,307,2,22,1,1,2,0,0
2024,00-0033881,Evan Engram,TE,JAX,9,74.75,8.31,0,0,0,0,0,0,0,0,0,64,47,365,1,17
2024,00-0033885,David Njoku,TE,CLE,11,128.75,11.7,0,0,0,0,0,0,0,0,0,97,64,505,5,23
2024,00-0033891,Zay Jones,WR,ARI,6,13.65,2.28,0,0,0,0,0,0,0,0,0,11,8,84,0,5
2024,00-0033893,Dalvin Cook,RB,DAL,2,4.55,2.28,0,0,0,0,0,8,20,0,0,1,1,10,0,1
2024,00-0033895,Gerald Everett,TE,CHI,10,7.85,0.78,0,0,0,0,0,0,0,0,0,13,8,36,0,1
2024,00-0033897,Joe Mixon,RB,HOU,14,273.75,19.55,1,0,0,0,0,245,1016,11,52,52,36,309,1,12
2024,00-0033906,Alvin Kamara,RB,NO,14,280.6,20.04,0,0,0,0,0,228,950,6,52,89,68,543,2,18
2024,00-0033908,Cooper Kupp,WR,LA,12,153.45,12.79,0,0,0,0,0,2,10,0,1,100,67,710,6,28
2024,00-0033921,Chris Godwin Jr.,WR,TB,7,126.9,18.13,0,0,0,0,0,1,2,0,1,62,50,576,5,33
2024,00-0033923,Kareem Hunt,RB,KC,13,181.4,13.95,0,0,0,0,0,200,728,7,42,32,23,176,0,10
2024,00-0033925,D'Onta Foreman,RB,CLE,10,38.95,3.9,0,0,0,0,0,71,232,0,10,8,6,54,0,1
2024,00-0033943,Josh Reynolds,WR,JAX,8,34.9,4.36,0,0,0,0,0,0,0,0,0,24,13,194,1,8
2024,00-0033948,Jamaal Williams,RB,NO,14,40.9,2.92,0,0,0,0,0,48,164,1,11,11,9,57,0,3
2024,00-0033949,Joshua Dobbs,QB,SF,2,27.69,13.84,47,32,361,2,2,9,24,2,2,0,0,0,0,0
2024,00-0033955,Jeremy McNichols,RB,WAS,15,74.3,4.95,0,0,0,0,0,55,261,4,15,12,9,27,0,1
2024,00-0034054,River Cracraft,WR,MIA,5,11.1,2.22,0,0,0,0,0,0,0,0,0,9,7,66,0,4
2024,00-0034073,Ross Dwelley,TE,ATL,4,1.0,0.25,0,0,0,0,0,0,0,0,0,1,1,5,0,0
2024,00-0034115,Jeff Wilson,RB,MIA,7,11.45,1.64,0,0,0,0,0,16,57,0,3,3,3,19,0,0
2024,00-0034159,Will Dissly,TE,LAC,15,95.6,6.37,0,0,0,0,0,0,0,0,0,64,50,481,2,24
2024,00-0034177,Tim Boyle,QB,NYG,3,9.44,3.15,50,27,276,1,1,3,9,0,1,0,0,0,0,0
2024,00-0034184,Gus Edwards,RB,LAC,11,82.45,7.5,0,0,0,0,0,101,365,4,17,5,3,6,0,0
2024,00-0034208,Mike Boone,RB,CAR,5,7.45,1.49,0,0,0,0,0,13,51,0,3,3,1,-2,0,0
2024,00-0034270,Tyler Conklin,TE,NYJ,16,108.0,6.75,0,0,0,0,0,1,0,0,0,72,51,449,4,24
2024,00-0034272,Marquez Valdes-Scantling,WR,NO,13,86.1,6.62,0,0,0,0,0,1,4,0,0,44,19,411,4,14
2024,00-0034348,Courtland Sutton,WR,DEN,16,219.75,13.73,2,2,30,1,0,0,0,0,0,135,81,1081,8,57
2024,00-0034351,Dallas Goedert,TE,PHI,10,92.1,9.21,0,0,0,0,0,0,0,0,0,52,42,496,2,20
2024,00-0034353,Anthony Miller,WR,BAL,1,2.35,2.35,0,0,0,0,0,0,0,0,0,1,1,16,0,1
2024,00-0034364,Jordan Akins,TE,CLE,16,79.5,4.97,0,0,0,0,0,0,0,0,0,58,40,390,2,20
2024,00-0034365,Ian Thomas,TE,CAR,3,2.45,0.82,0,0,0,0,0,0,0,0,0,6,3,7,0,1
2024,00-0034383,Dalton Schultz,TE,HOU,17,102.7,6.04,0,0,0,0,0,0,0,0,0,85,53,532,2,26
2024,00-0034386,Justin Watson,WR,KC,15,60.65,4.04,0,0,0,0,0,0,0,0,0,32,22,289,2,13
2024,00-0034401,Mike White,QB,BUF,1,-0.58,-0.58,11,3,28,0,0,0,0,0,0,0,0,0,0,0
2024,00-0034407,Ray-Ray McCloud,WR,ATL,17,121.0,7.12,0,0,0,0,0,10,79,0,3,87,62,686,1,29
2024,00-0034418,Cedrick Wilson Jr.,WR,NO,13,42.54,3.27,1,1,21,1,0,0,0,0,0,27,20,211,1,8
2024,00-0034419,Braxton Berrios,WR,MIA,6,0.0,0.0,0,0,0,0,0,0,0,0,0,4,0,0,0,0
2024,00-0034487,Trent Sherfield,WR,MIN,13,19.3,1.48,0,0,0,0,0,0,0,0,0,9,8,83,1,4
2024,00-0034521,Allen Lazard,WR,NYJ,12,121.0,10.08,1,0,0,0,0,0,0,0,0,61,37,530,6,29
2024,00-0034577,Kyle Allen,QB,PIT,1,0.86,0.86,1,1,19,0,0,0,0,0,0,0,0,0,0,0
2024,00-0034613,Tanner Hudson,TE,CIN,9,30.6,3.4,0,0,0,0,0,1,1,0,1,23,19,154,1,9
2024,00-0034646,Brandon Powell,WR,MIN,16,10.85,0.68,0,0,0,0,0,0,0,0,0,10,7,71,0,5
2024,00-0034753,Mark Andrews,TE,BAL,17,177.7,10.45,0,0,0,0,0,4,5,0,3,69,55,673,11,39
2024,00-0034771,Mason Rudolph,QB,TEN,8,87.15,10.89,228,146,1530,9,9,25,106,1,13,0,0,0,0,0
2024,00-0034775,Christian Kirk,WR,JAX,8,67.4,8.43,0,0,0,0,0,0,0,0,0,47,27,379,1,18
2024,00-0034777,DJ Chark,WR,LAC,4,11.35,2.84,0,0,0,0,0,0,0,0,0,10,4,31,1,1
2024,00-0034791,Nick Chubb,RB,CLE,8,79.5,9.94,0,0,0,0,0,102,332,3,17,11,5,31,1,3
2024,00-0034796,Lamar Jackson,QB,BAL,17,477.13,28.07,474,316,4172,41,4,139,915,4,47,0,0,0,0,0
2024,00-0034798,Durham Smythe,TE,MIA,14,10.05,0.72,0,0,0,0,0,0,0,0,0,17,9,53,0,1
2024,00-0034808,John Kelly,RB,BAL,1,0.0,0.0,0,0,0,0,0,0,0,0,0,0,0,0,0,0
2024,00-0034827,DJ Moore,WR,CHI,17,207.25,12.19,1,0,0,0,0,14,75,0,3,140,98,966,6,43
2024,00-0034829,Mike Gesicki,TE,CIN,16,123.0,7.69,0,0,0,0,0,0,0,0,0,83,65,665,2,38
2024,00-0034830,Hayden Hurst,TE,LAC,7,11.8,1.69,0,0,0,0,0,0,0,0,0,13,8,73,0,2
2024,00-0034837,Calvin Ridley,WR,TEN,17,186.25,10.96,0,0,0,0,0,8,55,1,3,120,64,1017,4,40
2024,00-0034844,Saquon Barkley,RB,PHI,16,413.8,25.86,0,0,0,0,0,345,2005,13,82,43,33,278,2,12
2024,00-0034854,KhaDarel Hodge,WR,ATL,10,25.1,2.51,0,0,0,0,0,0,0,0,0,12,7,131,1,6
2024,00-0034855,Baker Mayfield,QB,TB,17,365.75,21.51,570,407,4500,41,16,60,378,3,24,0,0,0,0,0
2024,00-0034857,Josh Allen,QB,BUF,16,411.69,25.73,483,307,3731,28,6,102,531,12,51,0,0,7,1,0
2024,00-0034860,Dante Pettis,WR,NO,8,29.0,3.62,0,0,0,0,0,0,0,0,0,28,12,120,1,8
2024,00-0034869,Sam Darnold,QB,MIN,17,293.51,17.27,545,361,4319,35,12,67,212,1,23,0,0,0,0,0
2024,00-0034928,Steven Sims,WR,BAL,9,-3.9,-0.43,0,0,0,0,0,1,0,0,0,0,0,0,0,0
2024,00-0034960,Jakobi Meyers,WR,LV,15,193.45,12.9,0,0,0,0,0,2,23,0,1,129,87,1027,4,52
2024,00-0034972,Alexander Mattison,RB,LV,14,151.1,10.79,0,0,0,0,0,132,420,4,25,48,36,294,1,13
2024,00-0034975,Justice Hill,RB,BAL,15,125.55,8.37,0,0,0,0,0,47,228,1,14,51,42,383,3,17
2024,00-0034981,Foster Moreau,TE,NO,16,98.05,6.13,0,0,0,0,0,0,0,0,0,43,32,413,5,21
2024,00-0035021,Ashton Dulin,WR,IND,13,20.7,1.59,0,0,0,0,0,5,45,0,2,8,2,67,1,2
2024,00-0035100,Jake Browning,QB,CIN,2,0.0,0.0,0,0,0,0,0,2,-2,0,0,0,0,0,0,0
2024,00-0035140,Mecole Hardman,WR,KC,12,29.7,2.48,0,0,0,0,0,5,62,1,2,14,12,90,0,6
2024,00-0035164,Cody Thompson,WR,TB,1,0.0,0.0,0,0,0,0,0,0,0,0,0,0,0,0,0,0
2024,00-0035208,Olamide Zaccheaus,WR,WAS,16,100.25,6.27,0,0,0,0,0,1,8,0,1,64,45,506,3,26
2024,00-0035215,Deonte Harty,WR,BAL,5,0.0,0.0,0,0,0,0,0,0,0,0,0,0,0,0,0,0
2024,00-0035216,Diontae Johnson,WR,HOU,11,82.8,7.53,0,0,0,0,0,2,6,0,1,67,33,375,3,21
2024,00-0035228,Kyler Murray,QB,ARI,17,293.74,17.28,541,372,3851,21,11,78,572,5,27,0,0,0,0,0
2024,00-0035229,T.J. Hockenson,TE,MIN,10,78.0,7.8,0,0,0,0,0,0,0,0,0,62,41,455,0,30
2024,00-0035243,Miles Sanders,RB,CAR,11,75.55,6.87,0,0,0,0,0,55,205,2,12,30,24,148,1,5
2024,00-0035249,Josh Oliver,TE,MIN,12,62.8,5.23,0,0,0,0,0,0,0,0,0,28,22,258,3,14
2024,00-0035250,Devin Singletary,RB,NYG,15,107.9,7.19,0,0,0,0,0,113,437,4,24,24,21,119,0,4
2024,00-0035261,Tony Pollard,RB,TEN,16,227.7,14.23,0,0,0,0,0,260,1079,5,53,57,41,238,0,9
2024,00-0035264,Jarrett Stidham,QB,DEN,2,1.15,0.57,0,0,0,0,0,4,5,0,1,0,0,0,0,0
2024,00-0035289,Gardner Minshew,QB,LV,10,65.52,6.55,306,203,2013,9,10,19,58,0,5,0,0,0,0,0
2024,00-0035291,Trayveon Williams,RB,CIN,5,0.0,0.0,0,0,0,0,0,0,0,0,0,0,0,0,0,0
2024,00-0035298,Scott Miller,WR,PIT,6,9.9,1.65,0,0,0,0,0,0,0,0,0,9,5,69,0,2
2024,00-0035311,Myles Gaskin,RB,MIN,4,1.8,0.45,0,0,0,0,0,3,-1,0,0,1,1,11,0,0
2024,00-0035341,Trenton Irwin,WR,CIN,6,3.25,0.54,0,0,0,0,0,0,0,0,0,10,3,15,0,1
2024,00-0035406,Lil'Jordan Humphrey,WR,DEN,14,55.3,3.95,0,0,0,0,0,0,0,0,0,45,31,293,1,12
2024,00-0035500,Greg Dortch,WR,ARI,17,78.05,4.59,0,0,0,0,0,5,31,0,1,50,37,342,3,16
2024,00-0035535,Darius Slayton,WR,NYG,16,103.95,6.5,0,0,0,0,0,2,17,0,1,71,39,573,2,30
2024,00-0035537,Ty Johnson,RB,BUF,17,100.55,5.91,0,0,0,0,0,41,213,1,13,25,18,284,3,14
2024,00-0035544,Tom Kennedy,WR,DET,3,0.0,0.0,0,0,0,0,0,0,0,0,0,1,0,0,0,0
2024,00-0035547,Joseph Fortson,TE,KC,3,1.25,0.42,0,0,0,0,0,0,0,0,0,3,1,5,0,1
2024,00-0035567,Craig Reynolds,RB,DET,8,23.5,2.94,0,0,0,0,0,31,139,0,6,5,3,40,0,2
2024,00-0035594,Travis Homer,RB,CHI,8,6.0,0.75,0,0,0,0,0,6,23,0,2,3,3,11,0,0
2024,00-0035602,Alex Bachman,WR,LV,5,5.1,1.02,0,0,0,0,0,0,0,0,0,3,3,31,0,2
2024,00-0035628,D'Ernest Johnson,RB,JAX,12,35.6,2.97,0,0,0,0,0,32,143,0,7,19,12,96,0,3
2024,00-0035631,Drew Sample,TE,CIN,11,27.6,2.51,0,0,0,0,0,1,-4,0,0,22,20,109,1,8
2024,00-0035639,Parris Campbell,WR,PHI,4,12.25,3.06,0,0,0,0,0,0,0,0,0,8,6,30,1,1
2024,00-0035640,DK Metcalf,WR,SEA,15,171.45,11.43,0,0,0,0,0,0,0,0,0,108,66,992,5,35
2024,00-0035644,Noah Fant,TE,SEA,14,90.75,6.48,0,0,0,0,0,0,0,0,0,64,48,500,1,25
2024,00-0035659,Terry McLaurin,WR,WAS,17,249.5,14.68,0,0,0,0,0,2,2,0,0,117,82,1096,13,56
2024,00-0035662,Marquise Brown,WR,KC,2,14.85,7.42,0,0,0,0,0,0,0,0,0,15,9,91,0,5
2024,00-0035676,A.J. Brown,WR,PHI,13,205.65,15.82,0,0,0,0,0,0,0,0,0,97,67,1079,7,51
2024,00-0035685,David Montgomery,RB,DET,14,247.82,17.7,1,1,3,1,0,185,775,12,50,38,36,341,0,16
2024,00-0035689,Dawson Knox,TE,BUF,14,55.6,3.97,0,0,0,0,0,0,0,0,0,33,22,311,1,12
2024,00-0035700,Josh Jacobs,RB,GB,17,333.2,19.6,0,0,0,0,0,301,1329,15,73,43,36,342,1,15
2024,00-0035704,Drew Lock,QB,NYG,7,67.89,9.7,181,107,1071,6,5,18,133,2,9,0,0,0,0,0
2024,00-0035710,Daniel Jones,QB,NYG,10,117.85,11.78,341,216,2070,8,7,67,265,2,26,0,0,0,0,0
2024,00-0035719,Deebo Samuel Sr.,WR,SF,15,145.05,9.67,0,0,0,0,0,42,136,1,5,81,51,670,3,28
2024,00-0035726,Jakob Johnson,RB,NYG,1,0.0,0.0,0,0,0,0,0,0,0,0,0,0,0,0,0,0
2024,00-0035806,JaMycal Hasty,RB,NE,12,27.3,2.28,0,0,0,0,0,20,69,0,4,12,10,59,1,2
2024,00-0035860,Tony Jones,RB,ARI,1,13.15,13.15,0,0,0,0,0,4,55,1,1,0,0,0,0,0
2024,00-0035891,Cody White,WR,SEA,2,5.9,2.95,0,0,0,0,0,0,0,0,0,3,2,44,0,2
2024,00-0035924,Jonathan Ward,RB,PIT,4,2.95,0.74,0,0,0,0,0,5,22,0,1,0,0,0,0,0
2024,00-0035973,Patrick Taylor,RB,SF,7,35.45,5.06,0,0,0,0,0,39,183,1,11,11,3,25,0,2
2024,00-0035976,Dan Chisena,WR,CAR,4,5.7,1.42,0,0,0,0,0,0,0,0,0,4,3,37,0,2
2024,00-0035993,Tyler Huntley,QB,MIA,5,46.11,9.22,133,86,829,3,3,26,135,2,10,0,0,0,0,0
2024,00-0036040,Juwan Johnson,TE,NO,15,107.05,7.14,0,0,0,0,0,0,0,0,0,66,50,548,3,27
2024,00-0036096,J.J. Taylor,RB,HOU,3,6.65,2.22,0,0,0,0,0,10,44,0,1,3,2,0,0,0
2024,00-0036133,James Proche,WR,CLE,9,0.85,0.09,0,0,0,0,0,0,0,0,0,3,3,21,0,1
2024,00-0036139,Rico Dowdle,RB,DAL,16,221.3,13.83,0,0,0,0,0,235,1079,2,53,49,39,249,3,13
2024,00-0036158,J.K. Dobbins,RB,LAC,13,216.05,16.62,0,0,0,0,0,195,905,9,47,38,32,153,0,6
2024,00-0036165,Isaiah Hodgins,WR,NYG,2,2.2,1.1,0,0,0,0,0,0,0,0,0,2,2,12,0,0
2024,00-0036176,Mason Kinsey,WR,TEN,6,2.95,0.49,0,0,0,0,0,0,0,0,0,2,2,17,0,1
2024,00-0036182,Nick Westbrook-Ikhine,WR,TEN,14,131.45,9.39,0,0,0,0,0,0,0,0,0,60,32,497,9,25
2024,00-0036183,Kristian Wilkerson,WR,LV,1,9.3,9.3,0,0,0,0,0,0,0,0,0,3,2,18,1,2
2024,00-0036187,Reggie Gilliam,RB,BUF,7,1.25,0.18,0,0,0,0,0,3,7,0,1,0,0,0,0,0
2024,00-0036196,Gabe Davis,WR,JAX,10,47.65,4.76,0,0,0,0,0,0,0,0,0,42,20,239,2,13
2024,00-0036212,Tua Tagovailoa,QB,MIA,11,180.13,16.38,399,291,2867,19,7,17,49,0,5,0,0,0,0,0
2024,00-0036223,Jonathan Taylor,RB,IND,14,290.0,20.71,0,0,0,0,0,303,1431,11,71,31,18,136,1,7
2024,00-0036232,Harrison Bryant,TE,LV,6,14.35,2.39,0,0,0,0,0,0,0,0,0,12,9,86,0,5
2024,00-0036244,Colby Parkinson,TE,LA,16,58.65,3.67,0,0,0,0,0,0,0,0,0,49,30,294,1,15
2024,00-0036251,Zack Moss,RB,CIN,8,83.3,10.41,0,0,0,0,0,74,242,2,13,27,23,187,1,11
2024,00-0036252,Michael Pittman,WR,IND,16,143.55,8.97,0,0,0,0,0,0,0,0,0,111,69,808,3,35
2024,00-0036254,Collin Johnson,WR,CHI,6,1.35,0.22,0,0,0,0,0,0,0,0,0,2,1,6,0,1
2024,00-0036259,Jauan Jennings,WR,SF,15,188.25,12.55,0,0,0,0,0,0,0,0,0,113,77,975,6,47
2024,00-0036261,Brandon Aiyuk,WR,SF,7,60.15,8.59,0,0,0,0,0,0,0,0,0,47,25,374,0,19
2024,00-0036264,Jordan Love,QB,GB,15,241.66,16.11,425,268,3389,25,11,25,83,1,9,0,0,0,0,0
2024,00-0036268,Laviska Shenault Jr.,WR,SEA,10,10.8,1.08,0,0,0,0,0,1,1,0,0,5,5,36,0,2
2024,00-0036275,D'Andre Swift,RB,CHI,17,242.55,14.27,0,0,0,0,0,253,959,6,43,52,42,386,0,12
2024,00-0036290,Cole Kmet,TE,CHI,16,108.65,6.79,0,0,0,0,0,0,0,0,0,55,47,474,4,25
2024,00-0036297,Darrynton Evans,RB,CHI,1,0.6,0.6,0,0,0,0,0,3,3,0,0,0,0,0,0,0
2024,00-0036309,Darnell Mooney,WR,ATL,16,179.45,11.22,1,0,0,0,0,0,0,0,0,106,64,992,5,48
2024,00-0036322,Justin Jefferson,WR,MIN,17,289.18,17.01,1,1,22,0,0,1,3,0,0,154,103,1533,10,62
2024,00-0036328,Antonio Gibson,RB,NE,17,118.65,6.98,0,0,0,0,0,120,538,1,24,29,23,206,0,11
2024,00-0036331,Devin Duvernay,WR,JAX,13,15.1,1.16,0,0,0,0,0,4,3,0,1,16,11,79,0,7
2024,00-0036332,Josiah Deguara,TE,JAX,7,2.9,0.41,0,0,0,0,0,0,0,0,0,3,3,14,0,0
2024,00-0036345,K.J. Osborn,WR,WAS,7,15.7,2.24,0,0,0,0,0,0,0,0,0,18,7,57,1,2
2024,00-0036355,Justin Herbert,QB,LAC,17,281.25,16.54,504,332,3870,23,3,69,306,2,23,0,0,0,0,0
2024,00-0036358,CeeDee Lamb,WR,DAL,15,237.3,15.82,0,0,0,0,0,14,70,0,4,152,101,1194,6,54
2024,00-0036360,Clyde Edwards-Helaire,RB,NO,2,10.55,5.28,0,0,0,0,0,13,46,0,2,5,3,24,0,1
2024,00-0036370,Joshua Kelley,RB,TEN,1,0.3,0.3,0,0,0,0,0,1,2,0,0,0,0,0,0,0
2024,00-0036387,Jalen Reagor,WR,LAC,7,12.25,1.75,0,0,0,0,0,3,-3,0,0,12,7,100,0,3
2024,00-0036389,Jalen Hurts,QB,PHI,15,327.17,21.81,361,248,2903,18,5,150,630,14,62,0,0,0,0,0
2024,00-0036407,Jerry Jeudy,WR,CLE,17,219.65,12.92,0,0,0,0,0,0,0,0,0,145,90,1229,4,57
2024,00-0036410,Tee Higgins,WR,CIN,12,202.1,16.84,0,0,0,0,0,0,0,0,0,109,73,911,10,48
2024,00-0036414,Cam Akers,RB,MIN,16,107.35,6.71,0,0,0,0,0,104,444,2,21,18,14,68,3,4
2024,00-0036415,Van Jefferson,WR,PIT,15,60.1,4.01,0,0,0,0,0,0,0,0,0,40,24,276,2,12
2024,00-0036422,Adam Trautman,TE,DEN,13,39.3,3.02,0,0,0,0,0,0,0,0,0,22,13,188,2,8
2024,00-0036425,DeeJay Dallas,RB,ARI,16,24.65,1.54,0,0,0,0,0,9,49,0,4,3,3,11,1,1
2024,00-0036427,Tyler Johnson,WR,LA,11,56.1,5.1,0,0,0,0,0,0,0,0,0,41,26,291,1,10
2024,00-0036429,Charlie Woerner,TE,ATL,12,8.85,0.74,0,0,0,0,0,0,0,0,0,12,7,46,0,3
2024,00-0036438,Stephen Sullivan,TE,CAR,1,0.0,0.0,0,0,0,0,0,0,0,0,0,1,0,0,0,0
2024,00-0036442,Joe Burrow,QB,CIN,17,373.02,21.94,652,460,4918,43,9,42,201,2,16,0,0,0,0,0
2024,00-0036450,Ke'Shawn Vaughn,RB,SF,1,0.6,0.6,0,0,0,0,0,2,4,0,0,0,0,0,0,0
2024,00-0036463,Chris Blair,WR,ATL,2,2.45,1.23,0,0,0,0,0,0,0,0,0,2,1,17,0,1
2024,00-0036497,Tim Jones,WR,JAX,8,6.35,0.79,0,0,0,0,0,0,0,0,0,5,3,41,0,3
2024,00-0036510,Kenny Yeboah,TE,NYJ,7,13.95,1.99,0,0,0,0,0,0,0,0,0,8,5,47,1,3
2024,00-0036527,DJ Turner,WR,LV,12,41.1,3.42,0,0,0,0,0,5,33,1,1,29,16,158,1,9
2024,00-0036534,Shane Zylstra,TE,DET,2,2.95,1.48,0,0,0,0,0,0,0,0,0,1,1,22,0,1
2024,00-0036550,Rashod Bateman,WR,BAL,16,169.35,10.58,0,0,0,0,0,0,0,0,0,72,45,756,9,35
2024,00-0036554,Nico Collins,WR,HOU,12,197.1,16.42,0,0,0,0,0,0,0,0,0,99,68,1006,7,48
2024,00-0036555,Chuba Hubbard,RB,CAR,15,264.6,17.64,0,0,0,0,0,250,1195,10,62,54,43,171,1,10
2024,00-0036556,Brevin Jordan,TE,HOU,2,1.95,0.98,0,0,0,0,0,0,0,0,0,3,2,7,0,1
2024,00-0036569,Gary Brightwell,RB,CLE,1,0.0,0.0,0,0,0,0,0,0,0,0,0,0,0,0,0,0
2024,00-0036590,Quintin Morris,TE,BUF,10,12.85,1.28,0,0,0,0,0,0,0,0,0,8,5,36,1,3
2024,00-0036613,Jaylen Waddle,WR,MIA,15,138.25,9.22,0,0,0,0,0,4,12,0,1,83,58,744,2,38
2024,00-0036620,Dee Eskridge,WR,MIA,5,6.4,1.28,0,0,0,0,0,0,0,0,0,3,3,44,0,2
2024,00-0036626,Dyami Brown,WR,WAS,15,61.45,4.1,1,0,0,0,0,3,26,0,1,40,30,308,1,13
2024,00-0036628,John Bates,TE,WAS,13,10.15,0.78,0,0,0,0,0,0,0,0,0,13,8,84,0,3
2024,00-0036630,Tylan Wallace,WR,BAL,12,32.05,2.67,0,0,0,0,0,0,0,0,0,12,11,193,1,5
2024,00-0036635,Ihmir Smith-Marsette,WR,NYG,15,9.0,0.6,0,0,0,0,0,0,0,0,0,0,0,0,0,0
2024,00-0036637,Noah Gray,TE,KC,16,104.15,6.51,0,0,0,0,0,1,-4,0,0,49,40,437,5,25
2024,00-0036640,Zach Davidson,TE,BUF,2,1.0,0.5,0,0,0,0,0,0,0,0,0,2,1,5,0,0
2024,00-0036646,Simi Fehoko,WR,LAC,6,15.1,2.52,0,0,0,0,0,0,0,0,0,16,6,106,0,6
2024,00-0036670,Jermar Jefferson,RB,DET,2,4.8,2.4,0,0,0,0,0,6,22,0,1,1,1,10,0,1
2024,00-0036741,Jack Stoll,TE,PHI,5,2.0,0.4,0,0,0,0,0,0,0,0,0,3,2,10,0,0
2024,00-0036754,Brock Wright,TE,DET,11,30.25,2.75,0,0,0,0,0,0,0,0,0,16,13,100,2,7
2024,00-0036825,Feleipe Franks,TE,CAR,9,1.95,0.22,0,0,0,0,0,0,0,0,0,3,1,12,0,1
2024,00-0036841,Austin Trammell,WR,JAX,1,2.5,2.5,0,0,0,0,0,0,0,0,0,3,2,40,0,2
2024,00-0036842,Kene Nwangwu,RB,NYJ,2,10.0,5.0,0,0,0,0,0,0,0,0,0,0,0,0,0,0
2024,00-0036849,Tutu Atwell,WR,LA,15,90.6,6.04,1,0,0,0,0,2,7,0,0,62,42,562,0,29
2024,00-0036862,Ben Skowronek,WR,PIT,9,10.4,1.16,0,0,0,0,0,0,0,0,0,5,5,69,0,4
2024,00-0036875,Rhamondre Stevenson,RB,NE,15,191.6,12.77,0,0,0,0,0,207,801,7,40,41,33,168,1,8
2024,00-0036876,Kylen Granson,TE,IND,16,28.2,1.76,0,0,0,0,0,0,0,0,0,31,14,182,0,8
2024,00-0036877,Jaelon Darden,WR,SEA,11,1.35,0.12,0,0,0,0,0,0,0,0,0,1,1,6,0,1
2024,00-0036887,Luke Farrell,TE,JAX,12,13.7,1.14,0,0,0,0,0,0,0,0,0,17,12,67,0,4
2024,00-0036893,Najee Harris,RB,PIT,17,237.65,13.98,0,0,0,0,0,263,1043,6,50,48,36,283,0,13
2024,00-0036894,Pat Freiermuth,TE,PIT,17,145.3,8.55,0,0,0,0,0,0,0,0,0,78,65,653,7,32
2024,00-0036898,Davis Mills,QB,HOU,4,6.13,1.53,36,20,212,0,0,3,11,0,1,0,0,0,0,0
2024,00-0036900,Ja'Marr Chase,WR,CIN,17,371.55,21.86,0,0,0,0,0,3,32,0,2,175,127,1708,17,75
2024,00-0036906,Khalil Herbert,RB,CIN,11,31.6,2.87,0,0,0,0,0,36,130,1,10,11,10,25,0,0
2024,00-0036912,DeVonta Smith,WR,PHI,13,184.5,14.19,0,0,0,0,0,1,1,0,0,89,68,833,8,42
2024,00-0036913,Kadarius Toney,WR,CLE,3,-3.2,-1.07,0,0,0,0,0,2,-4,0,0,1,0,0,0,0
2024,00-0036919,Kenny Gainwell,RB,PHI,17,70.85,4.17,0,0,0,0,0,75,290,1,12,22,16,116,0,5
2024,00-0036924,Michael Carter,RB,ARI,3,36.55,12.18,0,0,0,0,0,35,131,1,9,11,11,57,0,2
2024,00-0036928,Kyle Trask,QB,TB,3,0.4,0.13,1,1,5,0,0,5,-4,0,0,0,0,0,0,0
2024,00-0036945,Justin Fields,QB,PIT,10,119.94,11.99,161,106,1106,5,1,62,289,5,19,0,0,0,0,0
2024,00-0036950,Avery Williams,RB,ATL,17,0.0,0.0,0,0,0,0,0,0,0,0,0,0,0,0,0,0
2024,00-0036955,Terrace Marshall Jr.,WR,LV,5,5.85,1.17,0,0,0,0,0,0,0,0,0,6,3,41,0,1
2024,00-0036963,Amon-Ra St. Brown,WR,DET,17,283.48,16.68,1,1,7,1,0,2,6,0,1,141,115,1263,12,75
2024,00-0036970,Kyle Pitts,TE,ATL,17,120.45,7.09,0,0,0,0,0,0,0,0,0,74,47,602,4,21
2024,00-0036971,Trevor Lawrence,QB,JAX,10,134.75,13.48,284,172,2045,11,7,26,119,3,13,0,0,-5,0,0
2024,00-0036972,Mac Jones,QB,JAX,10,89.73,8.97,262,171,1672,8,8,28,92,1,12,0,0,0,0,0
2024,00-0036973,Travis Etienne,RB,JAX,15,144.7,9.65,0,0,0,0,0,150,558,2,31,52,39,254,0,13
2024,00-0036980,Elijah Moore,WR,CLE,17,102.25,6.01,0,0,0,0,0,1,1,0,0,102,61,538,1,25
2024,00-0036984,Trey Sermon,RB,IND,15,55.65,3.71,0,0,0,0,0,56,159,2,14,19,16,99,0,3
2024,00-0036988,Josh Palmer,WR,LAC,15,102.4,6.83,0,0,0,0,0,0,0,0,0,65,39,584,1,28
2024,00-0036997,Javonte Williams,RB,DEN,17,163.8,9.64,0,0,0,0,0,139,513,4,30,70,52,346,0,14
2024,00-0037004,Hunter Long,TE,LA,11,20.0,1.82,0,0,0,0,0,0,0,0,0,9,7,60,0,2
2024,00-0037005,Tommy Tremble,TE,CAR,10,48.4,4.84,0,0,0,0,0,0,0,0,0,32,23,234,2,12
2024,00-0037012,Trey Lance,QB,DAL,4,8.09,2.02,41,25,266,0,1,11,41,0,3,0,0,0,0,0
2024,00-0037077,Sam Howell,QB,SEA,1,-7.49,-7.49,14,5,24,0,1,1,2,0,0,0,0,0,0,0
2024,00-0037085,Tyler Badie,RB,DEN,3,10.0,3.33,0,0,0,0,0,11,86,0,4,3,3,-2,0,0
2024,00-0037086,Grant Calcaterra,TE,PHI,15,56.05,3.74,0,0,0,0,0,0,0,0,0,30,24,298,1,15
2024,00-0037093,Dareke Young,WR,SEA,7,0.0,0.0,0,0,0,0,0,0,0,0,0,1,0,0,0,0
2024,00-0037112,Jake Tonges,TE,SF,2,0.0,0.0,0,0,0,0,0,0,0,0,0,0,0,0,0,0
2024,00-0037120,Tyler Goodson,RB,IND,14,44.35,3.17,0,0,0,0,0,32,153,1,6,15,11,61,1,3
2024,00-0037132,Britain Covey,WR,PHI,5,7.4,1.48,0,0,0,0,0,0,0,0,0,8,7,34,0,2
2024,00-0037156,Irvin Charles,WR,NYJ,8,0.0,0.0,0,0,0,0,0,0,0,0,0,1,0,0,0,0
2024,00-0037197,Isiah Pacheco,RB,KC,7,68.2,9.74,0,0,0,0,0,83,310,1,14,16,12,79,0,4
2024,00-0037216,Justyn Ross,WR,KC,1,0.0,0.0,0,0,0,0,0,0,0,0,0,1,0,0,0,0
2024,00-0037228,Jaylen Warren,RB,PIT,15,135.1,9.01,0,0,0,0,0,120,511,1,28,47,38,310,0,16
2024,00-0037231,Kevin Austin Jr.,WR,NO,8,23.1,2.89,0,0,0,0,0,1,9,0,0,22,11,151,0,10
2024,00-0037238,Drake London,WR,ATL,17,252.15,14.83,0,0,0,0,0,1,-3,0,0,158,100,1271,9,67
2024,00-0037239,Chris Olave,WR,NO,8,70.05,8.76,0,0,0,0,0,1,7,0,1,44,32,400,1,22
2024,00-0037240,Jameson Williams,WR,DET,15,206.05,13.74,0,0,0,0,0,11,61,1,5,91,58,1001,7,40
2024,00-0037247,George Pickens,WR,PIT,14,151.85,10.85,0,0,0,0,0,2,-6,0,0,103,59,900,3,37
2024,00-0037248,James Cook,RB,BUF,16,298.9,18.68,0,0,0,0,0,207,1009,16,48,38,32,258,2,14
2024,00-0037252,Greg Dulcich,TE,NYG,4,5.3,1.32,0,0,0,0,0,0,0,0,0,12,5,28,0,0
2024,00-0037256,Rachaad White,RB,TB,15,208.75,13.92,0,0,0,0,0,144,613,3,35,57,51,393,6,18
2024,00-0037257,David Bell,WR,CLE,1,4.45,4.45,0,0,0,0,0,0,0,0,0,3,3,27,0,1
2024,00-0037258,Dameon Pierce,RB,HOU,10,53.75,5.38,0,0,0,0,0,40,293,2,7,4,2,2,0,0
2024,00-0037261,Khalil Shakir,WR,BUF,15,158.95,10.6,0,0,0,0,0,2,4,0,0,100,76,821,4,35
2024,00-0037263,Tyler Allgeier,RB,ATL,17,130.15,7.66,0,0,0,0,0,137,644,3,43,13,13,88,0,2
2024,00-0037267,Jerome Ford,RB,CLE,14,142.65,10.19,0,0,0,0,0,104,565,3,25,43,37,225,0,10
2024,00-0037272,Montrell Washington,WR,KC,1,0.0,0.0,0,0,0,0,0,0,0,0,0,0,0,0,0,0
2024,00-0037276,Ty Chandler,RB,MIN,14,32.75,2.34,0,0,0,0,0,56,182,0,9,6,6,42,0,2
2024,00-0037291,Jalen Nailor,WR,MIN,15,98.55,6.57,0,0,0,0,0,3,-4,0,1,42,28,414,6,22
2024,00-0037292,Andrew Ogletree,TE,IND,12,22.9,1.91,0,0,0,0,0,0,0,0,0,14,9,109,1,6
2024,00-0037299,Keaontay Ingram,RB,KC,1,0.0,0.0,0,0,0,0,0,0,0,0,0,0,0,0,0,0
2024,00-0037300,Mike Woods,WR,CLE,5,11.0,2.2,0,0,0,0,0,0,0,0,0,17,7,65,0,4
2024,00-0037306,John FitzPatrick,TE,GB,1,0.7,0.7,0,0,0,0,0,0,0,0,0,1,1,2,0,0
2024,00-0037311,Ko Kieft,TE,TB,3,0.0,0.0,0,0,0,0,0,0,0,0,0,0,0,0,0,0
2024,00-0037324,Chris Oladokun,QB,KC,1,-1.4,-1.4,0,0,0,0,0,1,5,0,0,0,0,0,0,0
2024,00-0037327,Skylar Thompson,QB,MIA,2,-0.92,-0.46,33,21,187,0,0,1,4,0,0,0,0,0,0,0
2024,00-0037348,Tanner Conner,TE,MIA,4,3.35,0.84,0,0,0,0,0,0,0,0,0,4,3,16,0,1
2024,00-0037380,Kaden Davis,WR,CLE,1,0.0,0.0,0,0,0,0,0,0,0,0,0,0,0,0,0,0
2024,00-0037382,Brandon Johnson,WR,PIT,1,1.4,1.4,0,0,0,0,0,0,0,0,0,1,1,9,0,0
2024,00-0037387,Jalen Virgil,WR,BUF,3,0.0,0.0,0,0,0,0,0,0,0,0,0,0,0,0,0,0
2024,00-0037422,Kendric Pryor,WR,CIN,1,1.4,1.4,0,0,0,0,0,0,0,0,0,1,1,9,0,0
2024,00-0037429,Raheem Blackshear,RB,CAR,16,8.0,0.5,0,0,0,0,0,15,80,0,2,0,0,0,0,0
2024,00-0037450,Tyreik McAllister,WR,LV,2,1.55,0.78,0,0,0,0,0,2,11,0,1,0,0,0,0,0
2024,00-0037451,Rod Williams,TE,PIT,1,0.0,0.0,0,0,0,0,0,0,0,0,0,0,0,0,0,0
2024,00-0037456,Troy Hairston,RB,HOU,2,0.0,0.0,0,0,0,0,0,0,0,0,0,0,0,0,0,0
2024,00-0037475,Stone Smartt,TE,LAC,9,30.05,3.34,0,0,0,0,0,0,0,0,0,19,16,208,0,11
2024,00-0037487,Deven Thompkins,WR,CAR,5,5.4,1.08,0,0,0,0,0,2,7,0,0,4,4,20,0,2
2024,00-0037509,Sincere McCormick,RB,LV,4,31.1,7.78,0,0,0,0,0,39,183,0,10,7,6,29,0,2
2024,00-0037524,Tay Martin,WR,TEN,1,12.65,12.65,0,0,0,0,0,0,0,0,0,2,1,49,1,1
2024,00-0037525,Jordan Mason,RB,SF,12,136.8,11.4,0,0,0,0,0,153,789,3,37,14,11,91,0,5
2024,00-0037539,Lucas Krull,TE,DEN,10,26.45,2.64,0,0,0,0,0,0,0,0,0,23,19,152,0,7
2024,00-0037545,Rashid Shaheed,WR,NO,6,84.4,14.07,0,0,0,0,0,6,29,0,2,41,20,349,3,12
2024,00-0037557,Ronnie Rivers,RB,LA,6,19.75,3.29,0,0,0,0,0,22,99,0,6,6,5,34,0,1
2024,00-0037569,Peyton Hendershot,TE,KC,5,8.1,1.62,0,0,0,0,0,0,0,0,0,5,5,51,0,2
2024,00-0037594,Julius Chestnut,RB,TEN,12,15.0,1.25,0,0,0,0,0,22,102,0,2,3,2,11,0,0
2024,00-0037609,Aaron Shampklin,RB,PIT,3,2.55,0.85,0,0,0,0,0,6,17,0,1,0,0,0,0,0
2024,00-0037614,John Metchie III,WR,HOU,10,49.65,4.96,0,0,0,0,0,0,0,0,0,37,24,254,1,11
2024,00-0037617,Hassan Haskins,RB,LAC,12,37.45,3.12,0,0,0,0,0,34,89,2,13,3,3,49,1,2
2024,00-0037654,Tucker Fisk,TE,LAC,7,7.65,1.09,0,0,0,0,0,0,0,0,0,8,7,39,0,1
2024,00-0037664,Alec Pierce,WR,IND,16,162.4,10.15,0,0,0,0,0,0,0,0,0,69,37,824,7,32
2024,00-0037666,Jalen Tolbert,WR,DAL,17,140.25,8.25,0,0,0,0,0,0,0,0,0,79,49,610,7,29
2024,00-0037708,Maurice Alexander,WR,DET,2,-1.0,-0.5,0,0,0,0,0,0,0,0,0,0,0,0,0,0
2024,00-0037740,Garrett Wilson,WR,NYJ,17,221.35,13.02,0,0,0,0,0,2,5,0,1,153,101,1104,7,60
2024,00-0037741,Jahan Dotson,WR,PHI,14,37.25,2.66,0,0,0,0,0,1,13,0,1,33,19,216,0,12
2024,00-0037742,Treylon Burks,WR,TEN,5,6.45,1.29,0,0,0,0,0,2,1,0,0,8,4,34,0,3
2024,00-0037744,Trey McBride,TE,ARI,16,208.9,13.06,0,0,0,0,0,1,2,1,1,147,111,1146,2,63
2024,00-0037745,Velus Jones Jr.,WR,CAR,2,-0.05,-0.02,0,0,0,0,0,3,11,0,1,1,1,8,0,0
2024,00-0037746,Brian Robinson,RB,WAS,14,185.75,13.27,0,0,0,0,0,187,799,8,47,25,20,159,0,4
2024,00-0037801,KaVontae Turpin,WR,DAL,17,106.8,6.28,0,0,0,0,0,16,92,0,6,52,31,420,2,18
2024,00-0037805,Jeremy Ruckert,TE,NYJ,14,21.0,1.5,0,0,0,0,0,0,0,0,0,28,18,105,0,6
2024,00-0037809,Chig Okonkwo,TE,TEN,16,97.2,6.08,0,0,0,0,0,1,17,0,1,70,52,479,2,19
2024,00-0037816,Romeo Doubs,WR,GB,13,122.85,9.45,0,0,0,0,0,0,0,0,0,72,46,601,4,33
2024,00-0037827,Tyrion Davis-Price,RB,PHI,1,1.0,1.0,0,0,0,0,0,3,7,0,0,0,0,0,0,0
2024,00-0037834,Brock Purdy,QB,SF,15,262.96,17.53,455,300,3864,20,12,66,323,5,33,0,0,0,0,0
2024,00-0037837,Calvin Austin III,WR,PIT,17,115.8,6.81,0,0,0,0,0,0,0,0,0,58,36,548,4,18
2024,00-0037838,Isaiah Likely,TE,BAL,15,114.7,7.65,0,0,0,0,0,0,0,0,0,58,42,477,6,26
2024,00-0037840,Kyren Williams,RB,LA,16,308.95,19.31,0,0,0,0,0,316,1299,14,85,40,34,182,2,6
2024,00-0038040,Zamir White,RB,LV,8,32.3,4.04,0,0,0,0,0,65,183,1,4,8,6,30,0,2
2024,00-0038041,Jake Ferguson,TE,DAL,14,79.9,5.71,0,0,0,0,0,0,0,0,0,86,59,494,0,18
2024,00-0038046,Charlie Kolar,TE,BAL,10,26.15,2.62,0,0,0,0,0,1,2,0,1,11,9,131,1,4
2024,00-0038090,Skyy Moore,WR,KC,3,0.0,0.0,0,0,0,0,0,0,0,0,0,3,0,0,0,0
2024,00-0038092,Erik Ezukanma,WR,MIA,1,0.0,0.0,0,0,0,0,0,0,0,0,0,2,0,0,0,0
2024,00-0038098,Pierre Strong,RB,CLE,13,33.05,2.54,0,0,0,0,0,26,108,0,6,22,14,104,0,3
2024,00-0038102,Kenny Pickett,QB,PHI,5,23.04,4.61,42,25,291,2,1,9,15,1,3,0,0,0,0,0
2024,00-0038104,Tyquan Thornton,WR,NE,4,7.2,1.8,0,0,0,0,0,0,0,0,0,8,4,47,0,2
2024,00-0038108,Bailey Zappe,QB,CLE,1,3.05,3.05,31,16,170,1,2,2,2,0,0,0,0,0,0,0
2024,00-0038115,Daniel Bellinger,TE,NYG,12,21.5,1.79,0,0,0,0,0,0,0,0,0,17,14,125,0,8
2024,00-0038117,Wan'Dale Robinson,WR,NYG,17,150.25,8.84,0,0,0,0,0,3,18,0,1,140,93,699,3,36
2024,00-0038120,Breece Hall,RB,NYJ,16,254.05,15.88,0,0,0,0,0,209,876,5,40,76,57,483,3,15
2024,00-0038122,Desmond Ridder,QB,LV,5,8.77,1.75,85,52,458,2,2,9,36,0,2,0,0,0,0,0
2024,00-0038124,Christian Watson,WR,GB,14,106.2,7.59,0,0,0,0,0,4,23,0,1,53,29,620,2,21
2024,00-0038128,Malik Willis,QB,GB,6,56.3,9.38,54,40,550,3,0,20,138,1,6,0,0,0,0,0
2024,00-0038129,Cade Otton,TE,TB,14,122.45,8.75,0,0,0,0,0,1,-4,0,0,87,59,600,4,31
2024,00-0038134,Kenneth Walker III,RB,SEA,11,193.25,17.57,0,0,0,0,0,153,573,7,28,53,46,299,1,19
2024,00-0038359,Xavier Smith,WR,LA,14,6.1,0.44,0,0,0,0,0,4,36,0,1,2,2,6,0,1
2024,00-0038393,Dontayvion Wicks,WR,GB,17,101.75,5.99,0,0,0,0,0,0,0,0,0,76,39,415,5,25
2024,00-0038394,Will Mallory,TE,IND,7,5.15,0.74,0,0,0,0,0,0,0,0,0,8,4,29,0,1
2024,00-0038396,Eric Gray,RB,NYG,14,11.7,0.84,0,0,0,0,0,14,31,0,1,11,10,82,0,3
2024,00-0038400,Tanner McKee,QB,PHI,2,30.82,15.41,45,30,323,4,0,5,-1,0,1,0,0,0,0,0
2024,00-0038416,Tyson Bagent,QB,CHI,4,0.54,0.14,2,2,11,0,0,6,-7,0,0,0,0,0,0,0
2024,00-0038454,Keaton Mitchell,RB,BAL,4,8.55,2.14,0,0,0,0,0,15,30,0,2,1,1,28,0,1
2024,00-0038465,Malik Heath,WR,GB,5,28.95,5.79,0,0,0,0,0,0,0,0,0,13,10,97,2,5
2024,00-0038476,Tommy DeVito,QB,NYG,2,8.38,4.19,44,31,257,0,0,8,32,0,1,0,0,0,0,0
2024,00-0038477,Bryce Ford-Wheaton,WR,NYG,5,10.0,2.0,0,0,0,0,0,0,0,0,0,0,0,0,0,0
2024,00-0038488,Brady Russell,RB,SEA,8,0.0,0.0,0,0,0,0,0,0,0,0,0,0,0,0,0,0
2024,00-0038489,Ben VanSumeren,RB,PHI,3,0.5,0.17,0,0,0,0,0,0,0,0,0,1,1,0,0,0
2024,00-0038496,Xavier Gipson,WR,NYJ,17,8.5,0.5,0,0,0,0,0,1,5,0,1,10,6,39,1,3
2024,00-0038498,E.J. Jenkins,TE,PHI,2,7.45,3.72,0,0,0,0,0,0,0,0,0,2,1,7,1,1
2024,00-0038507,Grant DuBose,WR,MIA,2,2.35,1.18,0,0,0,0,0,0,0,0,0,4,2,11,0,1
2024,00-0038519,Nikko Remigio,WR,KC,5,5.3,1.06,0,0,0,0,0,0,0,0,0,6,2,48,0,2
2024,00-0038542,Bijan Robinson,RB,ATL,17,376.1,22.12,0,0,0,0,0,304,1456,14,82,72,61,431,1,20
2024,00-0038543,Jaxon Smith-Njigba,WR,SEA,17,223.6,13.15,1,1,35,0,0,5,26,0,1,137,100,1130,6,57
2024,00-0038544,Quentin Johnston,WR,LAC,15,161.0,10.73,0,0,0,0,0,3,6,0,0,91,55,711,8,32
2024,00-0038547,Luke Schoonmaker,TE,DAL,12,47.85,3.99,0,0,0,0,0,0,0,0,0,36,27,241,1,11
2024,00-0038550,Hendon Hooker,QB,DET,3,2.28,0.76,9,6,62,0,0,5,2,0,1,0,0,0,0,0
2024,00-0038551,Kendre Miller,RB,NO,6,33.75,5.62,0,0,0,0,0,39,148,1,11,8,5,33,0,2
2024,00-0038555,Tank Bigsby,RB,JAX,16,154.8,9.68,0,0,0,0,0,168,766,7,39,12,7,54,0,1
2024,00-0038558,Darnell Washington,TE,PIT,13,39.25,3.02,0,0,0,0,0,0,0,0,0,25,19,200,1,9
2024,00-0038559,Michael Wilson,WR,ARI,16,112.35,7.02,0,0,0,0,0,1,7,0,0,71,47,548,4,27
2024,00-0038563,Tre Tucker,WR,LV,17,119.95,7.06,0,0,0,0,0,9,44,1,3,81,47,539,3,24
2024,00-0038573,Derius Davis,WR,LAC,15,33.55,2.24,0,0,0,0,0,12,39,0,2,17,13,112,2,5
2024,00-0038576,Charlie Jones,WR,CIN,7,7.0,1.0,0,0,0,0,0,0,0,0,0,1,1,5,0,0
2024,00-0038579,Aidan O'Connell,QB,LV,9,89.73,9.97,243,154,1612,8,4,21,30,1,10,0,0,0,0,0
2024,00-0038582,Clayton Tune,QB,ARI,5,-1.68,-0.34,2,2,8,0,0,7,-4,0,2,0,0,0,0,0
2024,00-0038583,Dorian Thompson-Robinson,QB,CLE,6,-3.5,-0.58,118,61,440,0,6,21,122,0,9,0,0,0,0,0
2024,00-0038589,Josh Whyle,TE,TEN,15,52.8,3.52,0,0,0,0,0,0,0,0,0,37,28,248,1,14
2024,00-0038590,Justin Shorter,TE,LV,1,0.0,0.0,0,0,0,0,0,0,0,0,0,0,0,0,0,0
2024,00-0038597,Chase Brown,RB,CIN,16,277.9,17.37,0,0,0,0,0,229,990,7,49,65,54,360,4,23
2024,00-0038606,Parker Washington,WR,JAX,14,93.25,6.66,0,0,0,0,0,0,0,0,0,51,32,390,3,19
2024,00-0038608,Kayshon Boutte,WR,NE,15,114.15,7.61,0,0,0,0,0,0,0,0,0,68,43,589,3,25
2024,00-0038611,Chris Rodriguez Jr.,RB,WAS,7,37.25,5.32,0,0,0,0,0,35,173,2,10,1,1,12,0,1
2024,00-0038618,Xavier Hutchinson,WR,HOU,14,19.2,1.37,0,0,0,0,0,0,0,0,0,26,12,117,0,6
2024,00-0038619,Andrei Iosivas,WR,CIN,17,112.9,6.64,0,0,0,0,0,0,0,0,0,61,36,479,6,26
2024,00-0038621,DeMario Douglas,WR,NE,16,126.25,7.89,0,0,0,0,0,3,16,0,0,87,66,621,3,31
2024,00-0038622,Deuce Vaughn,RB,DAL,5,12.5,2.5,0,0,0,0,0,17,70,0,2,5,3,18,0,0
2024,00-0038636,Kenny McIntosh,RB,SEA,11,26.25,2.39,0,0,0,0,0,31,172,0,8,4,3,22,0,1
2024,00-0038640,Jalen Brooks,WR,DAL,12,32.7,2.72,0,0,0,0,0,0,0,0,0,30,12,177,1,8
2024,00-0038643,Brayden Willis,TE,SF,5,0.0,0.0,0,0,0,0,0,0,0,0,0,2,0,0,0,0
2024,00-0038647,Ronnie Bell,WR,SF,4,3.7,0.92,0,0,0,0,0,0,0,0,0,6,2,22,0,2
2024,00-0038678,Jordan Mims,RB,NO,8,23.6,2.95,0,0,0,0,0,20,70,0,2,18,12,71,0,4
2024,00-0038679,Tyrell Shavers,WR,BUF,1,14.65,14.65,0,0,0,0,0,0,0,0,0,1,1,69,1,1
2024,00-0038685,Chris Brooks,RB,GB,11,43.8,3.98,0,0,0,0,0,36,183,1,12,13,11,69,0,2
2024,00-0038705,Emari Demercado,RB,ARI,13,55.35,4.26,0,0,0,0,0,24,223,1,8,20,16,104,0,3
2024,00-0038710,Blake Whiteheart,TE,CLE,7,14.6,2.09,0,0,0,0,0,0,0,0,0,9,6,51,1,2
2024,00-0038720,Julian Hill,TE,MIA,14,16.25,1.16,0,0,0,0,0,0,0,0,0,19,12,100,0,5
2024,00-0038735,Princeton Fant,TE,DAL,1,0.0,0.0,0,0,0,0,0,0,0,0,0,0,0,0,0,0
2024,00-0038738,Hunter Luepke,RB,DAL,14,24.85,1.78,0,0,0,0,0,12,38,0,6,16,12,111,0,5
2024,00-0038752,Jake Bobo,WR,SEA,12,25.2,2.1,0,0,0,0,0,0,0,0,0,17,13,107,1,8
2024,00-0038783,Nate Adkins,TE,DEN,15,38.0,2.53,0,0,0,0,0,0,0,0,0,15,14,115,3,6
2024,00-0038794,Jaleel McLaughlin,RB,DEN,16,107.0,6.69,0,0,0,0,0,113,496,1,25,27,24,76,2,3
2024,00-0038797,Emanuel Wilson,RB,GB,17,112.8,6.64,0,0,0,0,0,103,502,4,27,14,11,48,1,3
2024,00-0038809,Ben Sims,TE,GB,4,6.45,1.61,0,0,0,0,0,0,0,0,0,5,4,42,0,1
2024,00-0038821,Rakim Jarrett,WR,TB,8,18.15,2.27,0,0,0,0,0,0,0,0,0,11,9,124,0,5
2024,00-0038824,Ryan Miller,WR,TB,9,32.55,3.62,0,0,0,0,0,0,0,0,0,20,12,128,2,7
2024,00-0038840,Brycen Tremayne,WR,WAS,2,0.3,0.15,0,0,0,0,0,0,0,0,0,1,1,-2,0,0
2024,00-0038920,John Shenker,TE,LV,3,1.2,0.4,0,0,0,0,0,0,0,0,0,1,1,7,0,0
2024,00-0038933,Dalton Kincaid,TE,BUF,13,88.05,6.77,0,0,0,0,0,0,0,0,0,75,44,448,2,23
2024,00-0038935,Brenton Strange,TE,JAX,14,79.85,5.7,0,0,0,0,0,0,0,0,0,53,40,411,2,21
2024,00-0038938,Jalin Hyatt,WR,NYG,10,10.95,1.1,0,0,0,0,0,0,0,0,0,19,8,62,0,3
2024,00-0038941,Tyler Scott,WR,CHI,4,1.0,0.25,0,0,0,0,0,0,0,0,0,1,1,5,0,0
2024,00-0038951,Sean Tucker,RB,TB,17,78.45,4.61,0,0,0,0,0,50,308,2,17,12,9,109,1,6
2024,00-0038976,Marvin Mims Jr.,WR,DEN,17,122.05,7.18,0,0,0,0,0,13,42,0,3,52,39,503,6,14
2024,00-0038977,Tank Dell,WR,HOU,14,130.4,9.31,0,0,0,0,0,9,43,0,3,81,51,667,3,35
2024,00-0038979,Cedric Tillman,WR,CLE,9,74.25,8.25,0,0,0,0,0,1,-5,0,0,49,29,339,3,15
2024,00-0038994,Jordan Addison,WR,MIN,15,201.8,13.45,0,0,0,0,0,3,20,1,1,99,63,875,9,39
2024,00-0038996,Tucker Kraft,TE,GB,17,153.35,9.02,0,0,0,0,0,3,6,0,3,70,50,707,7,30
2024,00-0038997,Josh Downs,WR,IND,14,163.1,11.65,0,0,0,0,0,1,12,0,0,107,72,803,5,40
2024,00-0038998,Jake Haener,QB,NO,8,4.89,0.61,39,18,226,1,1,11,22,0,0,0,0,0,0,0
2024,00-0039021,Roschon Johnson,RB,CHI,13,80.65,6.2,0,0,0,0,0,55,150,6,17,20,16,104,0,6
2024,00-0039032,Tyjae Spears,RB,TEN,12,120.0,10.0,0,0,0,0,0,84,312,4,19,35,30,224,1,9
2024,00-0039040,De'Von Achane,RB,MIA,17,308.95,18.17,0,0,0,0,0,203,907,6,37,87,78,592,6,30
2024,00-0039041,Elijah Higgins,TE,ARI,15,41.7,2.78,0,0,0,0,0,0,0,0,0,24,20,172,2,10
2024,00-0039050,Payne Durham,TE,TB,8,29.25,3.66,0,0,0,0,0,0,0,0,0,14,11,115,2,5
2024,00-0039052,Trey Palmer,WR,TB,15,29.95,2.0,0,0,0,0,0,0,0,0,0,22,12,172,1,7
2024,00-0039062,Jonathan Mingo,WR,DAL,14,24.4,1.74,0,0,0,0,0,2,5,0,0,42,17,167,0,6
2024,00-0039064,Zay Flowers,WR,BAL,17,194.15,11.42,0,0,0,0,0,9,56,0,1,116,74,1059,4,48
2024,00-0039065,Sam LaPorta,TE,DET,16,159.85,9.99,0,0,0,0,0,0,0,0,0,83,60,726,7,39
2024,00-0039066,Michael Mayer,TE,LV,11,28.1,2.55,0,0,0,0,0,0,0,0,0,32,21,156,0,8
2024,00-0039067,Rashee Rice,WR,KC,4,62.5,15.62,0,0,0,0,0,1,1,0,1,29,24,288,2,15
2024,00-0039074,Davis Allen,TE,LA,7,7.4,1.06,0,0,0,0,0,0,0,0,0,13,6,39,0,2
2024,00-0039075,Puka Nacua,WR,LA,11,185.95,16.9,0,0,0,0,0,11,46,1,2,106,79,990,3,47
2024,00-0039139,Jahmyr Gibbs,RB,DET,17,397.4,23.38,0,0,0,0,0,250,1412,16,70,63,52,517,4,24
2024,00-0039144,Luke Musgrave,TE,GB,7,8.5,1.21,0,0,0,0,0,0,0,0,0,10,7,45,0,2
2024,00-0039146,Jayden Reed,WR,GB,17,187.0,11.0,0,0,0,0,0,20,163,1,7,75,55,857,6,29
2024,00-0039150,Bryce Young,QB,CAR,14,169.97,12.14,384,234,2403,15,9,43,249,6,15,0,0,0,0,0
2024,00-0039152,Will Levis,QB,TEN,12,83.19,6.93,301,190,2091,13,12,45,183,0,20,0,0,0,0,0
2024,00-0039163,C.J. Stroud,QB,HOU,17,175.68,10.33,532,336,3727,20,12,52,233,0,14,1,0,0,0,0
2024,00-0039164,Anthony Richardson,QB,IND,11,147.06,13.37,264,126,1814,8,12,86,499,6,34,1,1,-1,0,0
2024,00-0039165,Zach Charbonnet,RB,SEA,17,198.9,11.7,0,0,0,0,0,135,569,8,32,52,42,340,1,6
2024,00-0039230,Dante Miller,RB,NYG,1,0.0,0.0,0,0,0,0,0,0,0,0,0,0,0,0,0,0
2024,00-0039236,Johnny Wilson,WR,PHI,10,13.05,1.31,0,0,0,0,0,0,0,0,0,15,5,38,1,3
2024,00-0039244,Chris Collier,RB,LV,6,1.8,0.3,0,0,0,0,0,5,12,0,0,2,1,-4,0,0
2024,00-0039299,George Holani,RB,SEA,3,1.95,0.65,0,0,0,0,0,3,10,0,1,1,1,-1,0,0
2024,00-0039316,Baylor Cupp,TE,KC,1,0.0,0.0,0,0,0,0,0,0,0,0,0,1,0,0,0,0
2024,00-0039325,Carson Steele,RB,KC,13,26.5,2.04,0,0,0,0,0,56,183,0,14,11,7,26,0,0
2024,00-0039337,Malik Nabers,WR,NYG,15,239.85,15.99,1,0,0,0,0,5,2,0,1,170,109,1204,7,55
2024,00-0039338,Brock Bowers,TE,LV,17,228.45,13.44,0,0,0,0,0,5,13,0,2,153,112,1194,5,61
2024,00-0039342,Xavier Legette,WR,CAR,15,112.95,7.53,0,0,0,0,0,6,24,0,2,84,49,497,4,27
2024,00-0039344,Jonathon Brooks,RB,CAR,3,7.4,2.47,0,0,0,0,0,9,22,0,0,3,3,23,0,2
2024,00-0039355,Luke McCaffrey,WR,WAS,13,27.8,2.14,0,0,0,0,0,0,0,0,0,24,18,168,0,8
2024,00-0039356,Ja'Tavion Sanders,TE,CAR,15,64.45,4.3,0,0,0,0,0,0,0,0,0,43,33,342,1,13
2024,00-0039359,Cade Stover,TE,HOU,14,28.05,2.0,0,0,0,0,0,0,0,0,0,22,15,133,1,5
2024,00-0039361,Bucky Irving,RB,TB,17,269.6,15.86,0,0,0,0,0,207,1122,8,52,52,47,392,0,16
2024,00-0039363,Isaac Guerendo,RB,SF,16,104.85,6.55,0,0,0,0,0,84,420,4,18,16,15,152,0,7
2024,00-0039364,Sione Vaki,RB,DET,9,7.7,0.86,0,0,0,0,0,6,14,0,0,3,3,37,0,2
2024,00-0039365,Jacob Cowing,WR,SF,15,8.55,0.57,0,0,0,0,0,1,7,0,0,6,4,80,0,3
2024,00-0039373,Audric Estimé,RB,DEN,13,60.55,4.66,0,0,0,0,0,76,310,2,15,5,5,27,0,2
2024,00-0039376,Spencer Rattler,QB,NO,7,36.83,5.26,228,130,1317,4,5,18,146,0,7,0,0,0,0,0
2024,00-0039379,Jamari Thrash,WR,CLE,6,4.2,0.7,0,0,0,0,0,0,0,0,0,7,3,22,0,2
2024,00-0039384,Tyrone Tracy Jr.,RB,NYG,17,201.5,11.85,0,0,0,0,0,192,839,5,39,53,38,284,1,13
2024,00-0039385,Keilan Robinson,RB,JAX,1,0.0,0.0,0,0,0,0,0,0,0,0,0,0,0,0,0,0
2024,00-0039386,Bub Means,WR,NO,4,24.05,6.01,0,0,0,0,0,0,0,0,0,15,9,118,1,7
2024,00-0039391,Kimani Vidal,RB,LAC,9,35.75,3.97,0,0,0,0,0,43,155,0,7,9,5,62,1,2
2024,00-0039392,Jha'Quan Jackson,WR,TEN,12,-7.85,-0.65,0,0,0,0,0,1,-5,0,0,3,1,8,0,1
2024,00-0039393,Jase McClellan,RB,ATL,2,5.0,2.5,0,0,0,0,0,13,32,0,2,0,0,0,0,0
2024,00-0039394,Casey Washington,WR,ATL,2,2.15,1.08,0,0,0,0,0,0,0,0,0,2,1,14,0,1
2024,00-0039398,Joe Milton III,QB,NE,1,22.69,22.69,29,22,241,1,0,10,16,1,4,0,0,0,0,0
2024,00-0039407,Dylan Laube,RB,LV,6,-2.9,-0.48,0,0,0,0,0,1,0,0,0,0,0,0,0,0
2024,00-0039410,Ryan Flournoy,WR,DAL,9,13.45,1.49,0,0,0,0,0,0,0,0,0,14,10,102,0,5
2024,00-0039420,Jaheim Bell,TE,NE,4,3.25,0.81,0,0,0,0,0,0,0,0,0,3,2,20,0,1
2024,00-0039424,Devaughn Vele,WR,DEN,13,97.0,7.46,0,0,0,0,0,0,0,0,0,55,41,475,3,26
2024,00-0039451,Isaiah Williams,WR,CIN,8,1.6,0.2,0,0,0,0,0,0,0,0,0,3,2,6,0,0
2024,00-0039458,Brenden Bates,TE,CLE,1,0.0,0.0,0,0,0,0,0,0,0,0,0,1,0,0,0,0
2024,00-0039491,Jalen Coker,WR,CAR,11,87.91,7.99,1,1,19,0,0,0,0,0,0,46,32,478,2,23
2024,00-0039521,Xavier Weaver,WR,ARI,2,0.0,0.0,0,0,0,0,0,0,0,0,0,2,0,0,0,0
2024,00-0039530,Brevyn Spann-Ford,TE,DAL,11,14.8,1.35,0,0,0,0,0,0,0,0,0,14,9,88,0,6
2024,00-0039543,Ramel Keyton,WR,LV,3,1.45,0.48,0,0,0,0,0,0,0,0,0,3,1,7,0,1
2024,00-0039573,Blake Watson,RB,DEN,1,3.7,3.7,0,0,0,0,0,4,10,0,2,2,1,13,0,0
2024,00-0039589,Kameron Johnson,WR,TB,4,1.55,0.39,0,0,0,0,0,2,11,0,1,1,0,0,0,0
2024,00-0039595,D.J. Williams,RB,TB,1,0.0,0.0,0,0,0,0,0,0,0,0,0,0,0,0,0,0
2024,00-0039603,British Brooks,RB,HOU,2,0.3,0.15,0,0,0,0,0,1,2,0,0,0,0,0,0,0
2024,00-0039613,Dallin Holker,TE,NO,3,3.85,1.28,0,0,0,0,0,0,0,0,0,4,3,21,0,1
2024,00-0039614,Jermaine Jackson,WR,NO,4,0.0,0.0,0,0,0,0,0,1,-1,0,0,0,0,0,0,0
2024,00-0039617,Jacob Kibodi,RB,CLE,1,5.4,5.4,0,0,0,0,0,5,24,0,1,3,1,15,0,1
2024,00-0039623,Mason Tipton,WR,NO,9,17.4,1.93,0,0,0,0,0,0,0,0,0,26,14,99,0,2
2024,00-0039631,Cam Grandy,TE,CIN,4,5.55,1.39,0,0,0,0,0,0,0,0,0,5,5,28,0,1
2024,00-0039648,David Martin-Robinson,TE,TEN,4,1.35,0.34,0,0,0,0,0,0,0,0,0,2,1,6,0,1
2024,00-0039650,Bryce Oliver,WR,TEN,8,13.5,1.69,0,0,0,0,0,0,0,0,0,9,6,95,0,4
2024,00-0039686,Colson Yankoff,TE,WAS,4,0.0,0.0,0,0,0,0,0,0,0,0,0,0,0,0,0,0
2024,00-0039703,Cody Schrader,RB,LA,1,1.5,1.5,0,0,0,0,0,1,3,0,0,1,1,6,0,0
2024,00-0039732,Bo Nix,QB,DEN,17,331.25,19.49,567,376,3775,29,12,92,430,4,41,1,1,2,1,1
2024,00-0039737,Tip Reiman,TE,ARI,8,6.95,0.87,0,0,0,0,0,0,0,0,0,7,6,37,0,1
2024,00-0039738,Blake Corum,RB,LA,15,41.55,2.77,0,0,0,0,0,58,207,0,12,8,7,58,0,5
2024,00-0039746,Will Shipley,RB,PHI,13,17.7,1.36,0,0,0,0,0,30,82,0,2,4,4,35,0,2
2024,00-0039747,Ainias Smith,WR,PHI,3,14.9,4.97,0,0,0,0,0,2,6,0,1,9,7,41,1,1
2024,00-0039751,Jordan Whittington,WR,LA,14,51.2,3.66,0,0,0,0,0,2,12,0,2,28,22,293,0,14
2024,00-0039754,Devin Culp,TE,TB,2,12.3,6.15,0,0,0,0,0,0,0,0,0,6,5,88,0,4
2024,00-0039757,Terrell Jennings,RB,NE,2,4.6,2.3,0,0,0,0,0,13,33,0,0,1,0,0,0,0
2024,00-0039792,Devontez Walker,WR,BAL,3,8.85,2.95,0,0,0,0,0,0,0,0,0,3,1,21,1,1
2024,00-0039793,AJ Barner,TE,SEA,15,69.5,4.63,0,0,0,0,0,0,0,0,0,38,30,245,4,18
2024,00-0039794,Braelon Allen,RB,NYJ,17,96.9,5.7,0,0,0,0,0,92,334,2,22,27,19,148,1,8
2024,00-0039796,Rasheen Ali,RB,BAL,5,4.6,0.92,0,0,0,0,0,10,31,0,2,2,0,0,0,0
2024,00-0039798,Isaiah Davis,RB,NYJ,13,47.9,3.68,0,0,0,0,0,30,174,1,10,12,9,75,1,4
2024,00-0039810,Jermaine Burton,WR,CIN,8,15.7,1.96,0,0,0,0,0,0,0,0,0,14,4,107,0,4
2024,00-0039811,MarShawn Lloyd,RB,GB,1,2.9,2.9,0,0,0,0,0,6,15,0,0,1,1,3,0,0
2024,00-0039814,Erick All,TE,CIN,8,27.8,3.48,0,0,0,0,0,0,0,0,0,22,20,158,0,8
2024,00-0039816,Anthony Gould,WR,IND,8,3.05,0.38,0,0,0,0,0,0,0,0,0,1,1,23,0,1
2024,00-0039824,Jared Wiley,TE,KC,1,1.2,1.2,0,0,0,0,0,0,0,0,0,1,1,7,0,0
2024,00-0039847,Theo Johnson,TE,NYG,11,62.1,5.65,0,0,0,0,0,0,0,0,0,43,29,331,1,16
2024,00-0039849,Marvin Harrison Jr.,WR,ARI,17,180.75,10.63,0,0,0,0,0,0,0,0,0,116,62,885,8,43
2024,00-0039851,Drake Maye,QB,NE,13,157.29,12.1,338,225,2276,15,10,54,421,2,22,0,0,0,0,0
2024,00-0039853,Javon Baker,WR,NE,6,1.95,0.32,0,0,0,0,0,0,0,0,0,4,1,12,0,1
2024,00-0039855,Jalen McMillan,WR,TB,13,128.3,9.87,0,0,0,0,0,4,43,0,3,58,37,461,8,23
2024,00-0039868,Troy Franklin,WR,DEN,16,60.55,3.78,0,0,0,0,0,2,8,0,0,53,28,263,2,11
2024,00-0039874,Jaylen Wright,RB,MIA,13,35.5,2.73,0,0,0,0,0,68,249,0,11,6,3,8,0,1
2024,00-0039875,Ray Davis,RB,BUF,17,133.65,7.86,0,0,0,0,0,113,442,3,25,19,17,189,3,8
2024,00-0039880,Malik Washington,WR,MIA,14,46.3,3.31,0,0,0,0,0,5,25,1,1,36,26,223,0,13
2024,00-0039890,Adonai Mitchell,WR,IND,17,49.51,2.91,1,1,24,0,0,4,6,0,1,55,23,312,0,16
2024,00-0039893,Brian Thomas Jr.,WR,JAX,17,268.6,15.8,0,0,0,0,0,6,48,0,3,133,87,1282,10,53
2024,00-0039894,Xavier Worthy,WR,KC,16,175.2,10.95,0,0,0,0,0,20,104,3,4,98,59,638,6,36
2024,00-0039901,Keon Coleman,WR,BUF,13,112.1,8.62,0,0,0,0,0,1,9,0,0,57,29,556,4,22
2024,00-0039907,Ja'Lynn Polk,WR,NE,14,27.8,1.99,0,0,0,0,0,1,0,0,0,33,12,87,2,4
2024,00-0039910,Jayden Daniels,QB,WAS,17,367.22,21.6,480,331,3568,25,9,148,891,6,55,0,0,0,0,0
2024,00-0039912,Ben Sinnott,TE,WAS,7,11.8,1.69,0,0,0,0,0,0,0,0,0,5,5,28,1,2
2024,00-0039915,Ladd McConkey,WR,LAC,16,220.4,13.78,0,0,0,0,0,0,0,0,0,112,82,1149,7,52
2024,00-0039916,Ricky Pearsall,WR,SF,11,89.55,8.14,1,0,0,0,0,3,45,0,1,46,31,400,3,19
2024,00-0039917,Michael Penix Jr.,QB,ATL,5,39.65,7.93,105,61,775,3,3,7,11,1,1,0,0,0,0,0
2024,00-0039918,Caleb Williams,QB,CHI,17,205.74,12.1,562,351,3541,20,6,81,489,0,27,0,0,0,0,0
2024,00-0039919,Rome Odunze,WR,CHI,17,132.2,7.78,0,0,0,0,0,3,15,0,1,101,54,734,3,37
2024,00-0039920,Malachi Corley,WR,NYJ,5,3.4,0.68,0,0,0,0,0,2,26,0,1,6,3,16,0,1
2024,00-0039921,Trey Benson,RB,ARI,12,58.55,4.88,0,0,0,0,0,63,291,1,16,6,6,59,0,3
2025,00-0022942,Philip Rivers,QB,IND,3,27.66,9.22,92,58,544,4,3,2,-1,0,0,0,0,0,0,0
2025,00-0023459,Aaron Rodgers,QB,PIT,16,216.13,13.51,498,327,3322,24,7,21,61,1,4,1,1,-9,0,0
2025,00-0024243,Marcedes Lewis,TE,DEN,1,0.0,0.0,0,0,0,0,0,0,0,0,0,0,0,0,0,0
2025,00-0026158,Joe Flacco,QB,CIN,13,127.36,9.8,416,251,2479,15,10,21,35,1,9,0,0,0,0,0
2025,00-0026300,Josh Johnson,QB,WAS,3,20.98,6.99,54,34,372,1,2,12,55,1,4,0,0,0,0,0
2025,00-0026498,Matthew Stafford,QB,LA,17,360.33,21.2,597,388,4707,46,8,29,1,0,0,0,0,0,0,0
2025,00-0027973,Andy Dalton,QB,CAR,4,-0.48,-0.12,37,25,293,1,1,5,-2,0,0,0,0,0,0,0
2025,00-0028118,Tyrod Taylor,QB,NYJ,6,50.66,8.44,134,80,779,5,5,27,143,1,10,0,0,0,0,0
2025,00-0029263,Russell Wilson,QB,NYG,6,43.04,7.17,119,69,831,3,3,18,106,0,6,0,0,0,0,0
2025,00-0029604,Kirk Cousins,QB,ATL,10,93.29,9.33,269,166,1721,10,5,14,7,1,4,0,0,0,0,0
2025,00-0030035,Adam Thielen,WR,PIT,14,33.6,2.4,0,0,0,0,0,0,0,0,0,35,19,186,0,10
2025,00-0030061,Zach Ertz,TE,WAS,13,112.15,8.63,0,0,0,0,0,0,0,0,0,72,50,504,4,25
2025,00-0030279,Keenan Allen,WR,LAC,17,156.95,9.23,0,0,0,0,0,0,0,0,0,122,81,777,4,49
2025,00-0030506,Travis Kelce,TE,KC,17,172.3,10.14,0,0,0,0,0,1,1,0,0,108,76,851,5,46
2025,00-0030564,DeAndre Hopkins,WR,BAL,17,65.25,3.84,0,0,0,0,0,0,0,0,0,39,22,330,2,15
2025,00-0030565,Geno Smith,QB,LV,15,126.45,8.43,448,302,3025,19,17,41,109,0,13,0,0,0,0,0
2025,00-0031236,Brandin Cooks,WR,BUF,13,48.9,3.76,0,0,0,0,0,0,0,0,0,36,24,279,0,14
2025,00-0031237,Teddy Bridgewater,QB,TB,3,0.23,0.08,15,8,62,0,0,3,4,0,0,0,0,0,0,0
2025,00-0031345,Jimmy Garoppolo,QB,LA,3,-0.1,-0.03,0,0,0,0,0,9,-10,0,0,0,0,0,0,0
2025,00-0031381,Davante Adams,WR,LA,14,211.15,15.08,0,0,0,0,0,0,0,0,0,114,60,789,14,51
2025,00-0031408,Mike Evans,WR,TB,8,81.05,10.13,0,0,0,0,0,0,0,0,0,62,30,368,3,23
2025,00-0031484,Chris Manhertz,TE,NYG,4,1.2,0.3,0,0,0,0,0,0,0,0,0,2,1,7,0,0
2025,00-0031503,Jameis Winston,QB,NYG,3,43.43,14.48,66,37,567,2,2,7,23,1,3,1,1,33,1,1
2025,00-0031588,Stefon Diggs,WR,NE,17,185.05,10.89,0,0,0,0,0,0,0,0,0,102,85,1013,4,51
2025,00-0031610,Darren Waller,TE,MIA,9,86.3,9.59,0,0,0,0,0,1,4,0,1,34,24,283,6,19
2025,00-0031687,Raheem Mostert,RB,LV,12,28.35,2.36,0,0,0,0,0,22,104,0,5,12,12,70,0,6
2025,00-0031763,DeAndre Carter,WR,CLE,4,-1.0,-0.25,0,0,0,0,0,0,0,0,0,0,0,0,0,0
2025,00-0032104,Ameer Abdullah,RB,IND,13,30.05,2.31,0,0,0,0,0,14,60,1,3,17,16,99,0,4
2025,00-0032211,Tyler Lockett,WR,LV,17,59.1,3.48,0,0,0,0,0,0,0,0,0,55,32,291,1,14
2025,00-0032268,Marcus Mariota,QB,WAS,10,122.4,12.24,227,139,1695,10,7,50,297,1,12,0,0,0,0,0
2025,00-0032385,Sterling Shepard,WR,TB,13,71.15,5.47,0,0,0,0,0,4,19,0,1,53,39,371,1,18
2025,00-0032392,Austin Hooper,TE,NE,13,56.55,4.35,0,0,0,0,0,0,0,0,0,26,21,263,2,13
2025,00-0032398,Chris Moore,WR,WAS,10,38.2,3.82,0,0,0,0,0,1,9,0,0,23,11,207,1,10
2025,00-0032434,Brandon Allen,QB,TEN,1,-2.67,-2.67,30,17,72,0,1,0,0,0,0,0,0,0,0,0
2025,00-0032464,Kalif Raymond,WR,DET,15,67.25,4.48,0,0,0,0,0,2,19,0,1,30,24,289,1,14
2025,00-0032688,Robbie Chosen,WR,WAS,3,8.3,2.77,0,0,0,0,0,0,0,0,0,9,5,53,0,2
2025,00-0032764,Derrick Henry,RB,BAL,17,328.7,19.34,1,0,0,0,0,307,1595,16,79,21,15,150,0,4
2025,00-0032775,Demarcus Robinson,WR,SF,14,56.55,4.04,0,0,0,0,0,1,6,0,0,35,22,276,1,15
2025,00-0032950,Carson Wentz,QB,MIN,5,54.94,10.99,169,110,1216,6,5,11,57,0,3,0,0,0,0,0
2025,00-0032951,Laquon Treadwell,WR,IND,6,0.0,0.0,0,0,0,0,0,0,0,0,0,0,0,0,0,0
2025,00-0033040,Tyreek Hill,WR,MIA,4,52.75,13.19,0,0,0,0,0,0,0,0,0,29,21,265,1,17
2025,00-0033077,Dak Prescott,QB,DAL,17,316.73,18.63,600,404,4552,30,10,53,177,2,15,0,0,0,0,0
2025,00-0033090,Hunter Henry,TE,NE,17,163.8,9.64,0,0,0,0,0,0,0,0,0,87,60,768,7,42
2025,00-0033106,Jared Goff,QB,DET,17,287.76,16.93,578,393,4564,34,8,19,45,0,5,0,0,0,0,0
2025,00-0033110,Tyler Higbee,TE,LA,10,67.35,6.74,0,0,0,0,0,0,0,0,0,36,25,281,3,17
2025,00-0033119,Jacoby Brissett,QB,ARI,14,199.74,14.27,485,315,3366,23,8,38,168,1,16,0,0,0,0,0
2025,00-0033217,Mo Alie-Cox,TE,IND,11,25.2,2.29,0,0,0,0,0,0,0,0,0,20,13,117,1,4
2025,00-0033246,Johnny Mundt,TE,JAX,12,17.1,1.42,0,0,0,0,0,0,0,0,0,19,9,111,0,6
2025,00-0033280,Christian McCaffrey,RB,SF,17,434.2,25.54,1,0,0,0,0,311,1202,10,71,129,102,924,7,48
2025,00-0033282,Curtis Samuel,WR,BUF,6,18.85,3.14,0,0,0,0,0,0,0,0,0,9,7,81,1,5
2025,00-0033288,George Kittle,TE,SF,11,147.1,13.37,0,0,0,0,0,1,-3,0,0,69,57,628,7,38
2025,00-0033293,Aaron Jones,RB,MIN,12,129.65,10.8,0,0,0,0,0,132,548,2,28,41,28,199,1,9
2025,00-0033307,Kendrick Bourne,WR,SF,14,86.85,6.2,0,0,0,0,0,0,0,0,0,53,37,551,0,27
2025,00-0033319,Nick Mullens,QB,JAX,4,1.46,0.36,3,3,19,0,0,12,-8,0,0,0,0,0,0,0
2025,00-0033357,Taysom Hill,TE,NO,13,43.18,3.32,6,2,57,1,0,52,114,1,16,16,11,91,0,2
2025,00-0033375,Tim Patrick,WR,JAX,13,46.7,3.59,0,0,0,0,0,0,0,0,0,24,15,187,3,10
2025,00-0033376,Patrick Ricard,RB,BAL,5,1.95,0.39,0,0,0,0,0,1,3,0,1,2,1,8,0,0
2025,00-0033439,Pharaoh Brown,TE,ARI,5,1.1,0.22,0,0,0,0,0,0,0,0,0,2,2,1,0,0
2025,00-0033455,Anthony Firkser,TE,DET,5,10.3,2.06,0,0,0,0,0,0,0,0,0,10,8,53,0,4
2025,00-0033526,Samaje Perine,RB,CIN,15,88.55,5.9,0,0,0,0,0,84,382,3,32,21,17,87,0,5
2025,00-0033553,James Conner,RB,ARI,3,34.25,11.42,0,0,0,0,0,32,95,1,7,9,8,38,1,4
2025,00-0033555,Mack Hollins,WR,NE,14,102.0,7.29,0,0,0,0,0,1,4,0,0,65,46,550,2,28
2025,00-0033572,Jamal Agnew,WR,ATL,11,-5.0,-0.45,0,0,0,0,0,0,0,0,0,0,0,0,0,0
2025,00-0033576,Eric Saubert,TE,SEA,9,8.6,0.96,0,0,0,0,0,0,0,0,0,7,4,31,0,2
2025,00-0033589,David Moore,WR,CAR,3,2.55,0.85,0,0,0,0,0,1,12,0,1,1,1,5,0,0
2025,00-0033591,Noah Brown,WR,WAS,4,11.55,2.89,0,0,0,0,0,0,0,0,0,10,5,83,0,3
2025,00-0033662,Cooper Rush,QB,BAL,4,-3.98,-1.0,52,34,303,0,4,4,-4,0,0,0,0,0,0,0
2025,00-0033699,Austin Ekeler,RB,WAS,2,13.25,6.62,0,0,0,0,0,14,43,0,3,7,5,38,0,2
2025,00-0033757,Robert Tonyan,TE,KC,2,0.6,0.3,0,0,0,0,0,0,0,0,0,1,1,1,0,0
2025,00-0033854,Dare Ogunbowale,RB,HOU,14,20.2,1.44,0,0,0,0,0,11,25,1,1,13,10,76,0,3
2025,00-0033857,JuJu Smith-Schuster,WR,KC,17,66.25,3.9,0,0,0,0,0,0,0,0,0,45,33,345,1,19
2025,00-0033858,Jonnu Smith,TE,PIT,17,70.85,4.17,0,0,0,0,0,9,70,1,3,54,38,222,2,10
2025,00-0033869,Mitchell Trubisky,QB,BUF,4,37.02,9.26,35,25,313,4,0,9,6,0,0,0,0,0,0,0
2025,00-0033873,Patrick Mahomes,QB,KC,14,276.08,19.72,502,315,3587,22,11,64,422,5,27,1,1,-10,0,0
2025,00-0033881,Evan Engram,TE,DEN,16,88.15,5.51,0,0,0,0,0,1,7,0,0,76,50,461,1,19
2025,00-0033885,David Njoku,TE,CLE,11,77.05,7.0,0,0,0,0,0,0,0,0,0,48,33,293,4,11
2025,00-0033891,Zay Jones,WR,ARI,6,27.05,4.51,0,0,0,0,0,0,0,0,0,18,12,183,0,7
2025,00-0033906,Alvin Kamara,RB,NO,11,106.8,9.71,0,0,0,0,0,131,471,1,21,39,33,186,0,7
2025,00-0033908,Cooper Kupp,WR,SEA,16,103.55,6.47,1,0,0,0,1,0,0,0,0,70,47,593,2,26
2025,00-0033921,Chris Godwin Jr.,WR,TB,9,78.25,8.69,0,0,0,0,0,0,0,0,0,51,33,360,2,21
2025,00-0033923,Kareem Hunt,RB,KC,17,170.95,10.06,0,0,0,0,0,163,611,8,55,25,18,143,1,8
2025,00-0033943,Josh Reynolds,WR,NYJ,5,19.6,3.92,0,0,0,0,0,0,0,0,0,21,11,101,0,4
2025,00-0033949,Joshua Dobbs,QB,NE,4,3.05,0.76,10,7,65,0,0,10,-5,0,0,0,0,0,0,0
2025,00-0033955,Jeremy McNichols,RB,WAS,16,72.85,4.55,0,0,0,0,0,44,221,1,13,31,25,196,0,10
2025,00-0034054,River Cracraft,WR,WAS,2,0.0,0.0,0,0,0,0,0,0,0,0,0,0,0,0,0,0
2025,00-0034073,Ross Dwelley,TE,DET,4,1.7,0.42,0,0,0,0,0,0,0,0,0,5,2,7,0,0
2025,00-0034159,Will Dissly,TE,LAC,8,16.45,2.06,0,0,0,0,0,0,0,0,0,16,11,97,0,5
2025,00-0034270,Tyler Conklin,TE,LAC,6,13.9,2.32,0,0,0,0,0,1,2,0,1,10,7,101,0,3
2025,00-0034272,Marquez Valdes-Scantling,WR,PIT,9,25.5,2.83,0,0,0,0,0,0,0,0,0,29,14,120,1,6
2025,00-0034348,Courtland Sutton,WR,DEN,17,202.2,11.89,0,0,0,0,0,0,0,0,0,124,74,1017,7,52
2025,00-0034351,Dallas Goedert,TE,PHI,15,168.1,11.21,0,0,0,0,0,0,0,0,0,82,60,591,11,34
2025,00-0034365,Ian Thomas,TE,LV,9,19.15,2.13,0,0,0,0,0,0,0,0,0,13,13,114,0,5
2025,00-0034367,Nyheim Hines,RB,NO,4,0.0,0.0,0,0,0,0,0,2,-2,0,0,0,0,0,0,0
2025,00-0034383,Dalton Schultz,TE,HOU,17,150.95,8.88,0,0,0,0,0,0,0,0,0,106,82,777,3,39
2025,00-0034386,Justin Watson,WR,HOU,3,4.75,1.58,0,0,0,0,0,0,0,0,0,4,3,30,0,1
2025,00-0034407,Ray-Ray McCloud,WR,NYG,6,11.4,1.9,0,0,0,0,0,0,0,0,0,15,7,69,0,4
2025,00-0034418,Cedrick Wilson Jr.,WR,MIA,6,7.65,1.28,0,0,0,0,0,0,0,0,0,9,5,44,0,3
2025,00-0034419,Braxton Berrios,WR,HOU,4,7.45,1.86,0,0,0,0,0,0,0,0,0,8,6,37,0,3
2025,00-0034487,Trent Sherfield,WR,ARI,4,3.85,0.96,0,0,0,0,0,0,0,0,0,5,3,21,0,1
2025,00-0034521,Allen Lazard,WR,NYJ,9,19.0,2.11,0,0,0,0,0,0,0,0,0,18,10,70,1,4
2025,00-0034577,Kyle Allen,QB,DET,2,-0.5,-0.25,2,0,0,0,0,3,-3,0,0,0,0,0,0,0
2025,00-0034613,Tanner Hudson,TE,CIN,10,40.3,4.03,0,0,0,0,0,0,0,0,0,24,19,168,2,8
2025,00-0034681,Chase Edmonds,RB,WAS,3,0.0,0.0,0,0,0,0,0,0,0,0,0,0,0,0,0,0
2025,00-0034753,Mark Andrews,TE,BAL,17,119.25,7.01,0,0,0,0,0,10,48,1,7,70,48,422,5,24
2025,00-0034771,Mason Rudolph,QB,PIT,5,13.5,2.7,52,38,310,2,2,7,6,0,2,0,0,0,0,0
2025,00-0034775,Christian Kirk,WR,HOU,11,49.4,4.49,0,0,0,0,0,0,0,0,0,52,28,239,1,12
2025,00-0034791,Nick Chubb,RB,HOU,15,103.75,6.92,0,0,0,0,0,122,506,3,20,20,13,67,0,1
2025,00-0034796,Lamar Jackson,QB,BAL,13,206.26,15.87,302,192,2549,21,7,67,349,2,24,0,0,0,0,0
2025,00-0034798,Durham Smythe,TE,CHI,7,4.75,0.68,0,0,0,0,0,0,0,0,0,6,4,25,0,1
2025,00-0034827,DJ Moore,WR,CHI,17,162.53,9.56,1,1,2,1,0,15,79,1,5,85,50,682,6,32
2025,00-0034829,Mike Gesicki,TE,CIN,12,65.95,5.5,0,0,0,0,0,0,0,0,0,42,28,307,2,19
2025,00-0034837,Calvin Ridley,WR,TEN,7,47.55,6.79,0,0,0,0,0,0,0,0,0,36,17,303,0,13
2025,00-0034844,Saquon Barkley,RB,PHI,16,270.55,16.91,0,0,0,0,0,280,1140,7,48,50,37,273,2,11
2025,00-0034854,KhaDarel Hodge,WR,ATL,8,5.1,0.64,0,0,0,0,0,0,0,0,0,10,3,31,0,2
2025,00-0034855,Baker Mayfield,QB,TB,17,254.47,14.97,543,343,3693,26,11,55,382,1,27,0,0,0,0,0
2025,00-0034857,Josh Allen,QB,BUF,16,373.97,23.37,460,319,3668,25,10,112,579,14,46,0,0,0,0,0
2025,00-0034860,Dante Pettis,WR,NO,8,15.2,1.9,0,0,0,0,0,0,0,0,0,11,9,127,0,4
2025,00-0034867,Malik Turner,WR,SF,2,0.0,0.0,0,0,0,0,0,0,0,0,0,1,0,0,0,0
2025,00-0034869,Sam Darnold,QB,SEA,17,226.72,13.34,477,323,4048,25,14,35,95,0,10,0,0,0,0,0
2025,00-0034928,Steven Sims,WR,ARI,3,0.0,0.0,0,0,0,0,0,0,0,0,0,1,0,0,0,0
2025,00-0034955,Brett Rypien,QB,CIN,1,-1.0,-1.0,0,0,0,0,0,0,0,0,0,0,0,0,0,0
2025,00-0034960,Jakobi Meyers,WR,JAX,16,155.3,9.71,0,0,0,0,0,5,13,0,1,110,75,835,3,43
2025,00-0034975,Justice Hill,RB,BAL,10,59.0,5.9,0,0,0,0,0,18,93,2,4,27,21,169,1,6
2025,00-0034981,Foster Moreau,TE,NO,7,9.9,1.41,0,0,0,0,0,0,0,0,0,10,7,59,0,2
2025,00-0034983,Hunter Renfrow,WR,CAR,6,30.4,5.07,0,0,0,0,0,0,0,0,0,26,15,89,2,8
2025,00-0035021,Ashton Dulin,WR,IND,12,20.3,1.69,0,0,0,0,0,3,44,0,2,10,5,106,0,4
2025,00-0035100,Jake Browning,QB,CIN,5,42.49,8.5,125,81,771,6,8,9,39,1,5,0,0,0,0,0
2025,00-0035140,Mecole Hardman,WR,BUF,2,-3.0,-1.5,0,0,0,0,0,0,0,0,0,1,0,0,0,0
2025,00-0035208,Olamide Zaccheaus,WR,CHI,14,74.2,5.3,0,0,0,0,0,4,25,0,1,65,39,313,2,15
2025,00-0035228,Kyler Murray,QB,ARI,5,73.93,14.79,161,110,962,6,3,29,173,1,10,0,0,0,0,0
2025,00-0035229,T.J. Hockenson,TE,MIN,15,97.4,6.49,0,0,0,0,0,1,0,0,0,66,51,438,3,22
2025,00-0035243,Miles Sanders,RB,DAL,4,25.95,6.49,0,0,0,0,0,20,117,1,5,8,8,30,0,0
2025,00-0035249,Josh Oliver,TE,MIN,12,49.75,4.15,0,0,0,0,0,0,0,0,0,19,15,160,4,9
2025,00-0035250,Devin Singletary,RB,NYG,17,125.95,7.41,0,0,0,0,0,119,437,5,27,19,18,151,0,4
2025,00-0035261,Tony Pollard,RB,TEN,17,211.25,12.43,0,0,0,0,0,242,1082,5,48,41,33,206,0,11
2025,00-0035264,Jarrett Stidham,QB,DEN,1,0.0,0.0,0,0,0,0,0,1,-1,0,0,0,0,0,0,0
2025,00-0035289,Gardner Minshew,QB,KC,4,-1.87,-0.47,13,6,37,0,1,6,2,0,0,0,0,0,0,0
2025,00-0035291,Trayveon Williams,RB,CLE,6,15.35,2.56,0,0,0,0,0,10,36,0,3,9,8,55,0,2
2025,00-0035298,Scott Miller,WR,PIT,5,11.7,2.34,0,0,0,0,0,0,0,0,0,14,9,62,0,4
2025,00-0035311,Myles Gaskin,RB,SEA,1,0.9,0.9,0,0,0,0,0,3,6,0,0,0,0,0,0,0
2025,00-0035359,David Sills,WR,ATL,12,42.35,3.53,0,0,0,0,0,0,0,0,0,36,18,191,2,9
2025,00-0035406,Lil'Jordan Humphrey,WR,DEN,7,30.35,4.34,0,0,0,0,0,0,0,0,0,25,13,156,1,9
2025,00-0035500,Greg Dortch,WR,ARI,12,64.55,5.38,0,0,0,0,0,7,15,1,1,33,29,206,3,10
2025,00-0035535,Darius Slayton,WR,NYG,14,92.55,6.61,0,0,0,0,0,0,0,0,0,63,37,538,1,23
2025,00-0035537,Ty Johnson,RB,BUF,17,105.3,6.19,0,0,0,0,0,50,200,3,13,33,24,263,2,11
2025,00-0035544,Tom Kennedy,WR,DET,6,6.1,1.02,0,0,0,0,0,0,0,0,0,4,4,36,0,2
2025,00-0035567,Craig Reynolds,RB,DET,5,0.7,0.14,0,0,0,0,0,3,4,0,0,0,0,0,0,0
2025,00-0035594,Travis Homer,RB,CHI,8,-0.1,-0.01,0,0,0,0,0,1,-2,0,0,0,0,0,0,0
2025,00-0035602,Alex Bachman,WR,LV,11,1.7,0.15,0,0,0,0,0,0,0,0,0,3,2,12,0,2
2025,00-0035628,D'Ernest Johnson,RB,NE,5,3.9,0.78,0,0,0,0,0,14,25,0,0,0,0,0,0,0
2025,00-0035631,Drew Sample,TE,CIN,12,25.75,2.15,0,0,0,0,0,1,3,0,0,20,15,106,1,5
2025,00-0035639,Parris Campbell,WR,DAL,1,0.0,0.0,0,0,0,0,0,0,0,0,0,0,0,0,0,0
2025,00-0035640,DK Metcalf,WR,PIT,15,174.9,11.66,0,0,0,0,0,2,12,1,1,99,59,850,6,37
2025,00-0035644,Noah Fant,TE,CIN,13,62.55,4.81,0,0,0,0,0,0,0,0,0,41,34,288,3,13
2025,00-0035645,Gunner Olszewski,WR,NYG,16,30.42,1.9,2,1,33,1,0,0,0,0,0,13,10,145,1,7
2025,00-0035659,Terry McLaurin,WR,WAS,10,110.95,11.1,0,0,0,0,0,0,0,0,0,60,38,582,3,33
2025,00-0035662,Marquise Brown,WR,KC,16,126.95,7.93,0,0,0,0,0,0,0,0,0,74,49,587,5,29
2025,00-0035676,A.J. Brown,WR,PHI,15,198.55,13.24,0,0,0,0,0,0,0,0,0,121,78,1003,7,47
2025,00-0035685,David Montgomery,RB,DET,17,188.07,11.06,2,1,3,1,0,158,716,8,41,29,24,192,0,11
2025,00-0035689,Dawson Knox,TE,BUF,16,96.95,6.06,0,0,0,0,0,0,0,0,0,49,36,417,4,23
2025,00-0035700,Josh Jacobs,RB,GB,15,265.25,17.68,0,0,0,0,0,234,929,13,55,44,36,282,1,8
2025,00-0035704,Drew Lock,QB,SEA,3,-1.35,-0.45,3,2,15,0,0,6,-5,0,0,0,0,0,0,0
2025,00-0035710,Daniel Jones,QB,IND,13,223.54,17.2,384,261,3101,19,8,45,164,5,19,0,0,0,0,0
2025,00-0035719,Deebo Samuel Sr.,WR,WAS,16,165.4,10.34,0,0,0,0,0,17,75,1,4,99,72,727,5,32
2025,00-0035726,Jakob Johnson,RB,HOU,2,0.0,0.0,0,0,0,0,0,0,0,0,0,0,0,0,0,0
2025,00-0035876,Andre Baccellia,WR,ARI,4,1.8,0.45,0,0,0,0,0,0,0,0,0,4,2,8,0,0
2025,00-0035891,Cody White,WR,SEA,8,18.0,2.25,0,0,0,0,0,0,0,0,0,4,3,90,1,2
2025,00-0035956,Giovanni Ricci,TE,DET,2,0.0,0.0,0,0,0,0,0,0,0,0,0,1,0,0,0,0
2025,00-0035993,Tyler Huntley,QB,BAL,5,42.24,8.45,67,52,426,2,0,24,151,0,11,0,0,0,0,0
2025,00-0036040,Juwan Johnson,TE,NO,17,155.15,9.13,0,0,0,0,0,0,0,0,0,102,77,889,3,41
2025,00-0036133,James Proche,WR,TEN,6,10.0,1.67,0,0,0,0,0,0,0,0,0,12,6,65,0,2
2025,00-0036139,Rico Dowdle,RB,CAR,17,245.65,14.45,0,0,0,0,0,236,1076,6,51,50,39,297,1,14
2025,00-0036158,J.K. Dobbins,RB,DEN,10,140.45,14.04,0,0,0,0,0,153,772,4,37,14,11,37,0,0
2025,00-0036165,Isaiah Hodgins,WR,NYG,6,24.0,4.0,0,0,0,0,0,0,0,0,0,19,10,115,1,6
2025,00-0036176,Mason Kinsey,WR,TEN,6,6.3,1.05,0,0,0,0,0,0,0,0,0,4,2,48,0,2
2025,00-0036182,Nick Westbrook-Ikhine,WR,MIA,13,16.4,1.26,0,0,0,0,0,0,0,0,0,20,11,89,0,8
2025,00-0036187,Reggie Gilliam,RB,BUF,11,4.5,0.41,0,0,0,0,0,2,4,0,1,2,2,24,0,1
2025,00-0036196,Gabe Davis,WR,BUF,6,26.9,4.48,0,0,0,0,0,0,0,0,0,18,12,129,1,8
2025,00-0036212,Tua Tagovailoa,QB,MIA,14,134.45,9.6,384,260,2660,20,15,20,43,0,1,0,0,0,0,0
2025,00-0036223,Jonathan Taylor,RB,IND,17,409.35,24.08,0,0,0,0,0,323,1585,18,84,55,46,378,2,15
2025,00-0036232,Harrison Bryant,TE,HOU,5,1.95,0.39,0,0,0,0,0,0,0,0,0,6,2,7,0,1
2025,00-0036244,Colby Parkinson,TE,LA,14,117.8,8.41,0,0,0,0,0,0,0,0,0,56,43,408,8,24
2025,00-0036252,Michael Pittman,WR,IND,17,179.65,10.57,0,0,0,0,0,0,0,0,0,111,80,784,7,47
2025,00-0036259,Jauan Jennings,WR,SF,15,160.3,10.69,0,0,0,0,0,0,0,0,0,90,55,643,9,36
2025,00-0036264,Jordan Love,QB,GB,15,238.94,15.93,439,291,3381,23,6,47,199,0,14,0,0,0,0,0
2025,00-0036265,AJ Dillon,RB,PHI,6,8.8,1.47,0,0,0,0,0,12,60,0,4,3,3,21,0,0
2025,00-0036275,D'Andre Swift,RB,CHI,16,261.15,16.32,0,0,0,0,0,223,1087,9,62,48,34,299,1,11
2025,00-0036290,Cole Kmet,TE,CHI,16,73.2,4.58,1,0,0,0,0,0,0,0,0,48,30,347,2,17
2025,00-0036309,Darnell Mooney,WR,ATL,15,76.05,5.07,0,0,0,0,0,0,0,0,0,72,32,443,1,25
2025,00-0036322,Justin Jefferson,WR,MIN,17,177.95,10.47,0,0,0,0,0,2,7,0,0,141,84,1048,2,47
2025,00-0036328,Antonio Gibson,RB,NE,5,28.2,5.64,0,0,0,0,0,25,106,1,6,3,2,6,0,0
2025,00-0036331,Devin Duvernay,WR,CHI,17,3.85,0.23,0,0,0,0,0,0,0,0,0,5,2,26,0,1
2025,00-0036332,Josiah Deguara,TE,ARI,7,10.1,1.44,0,0,0,0,0,0,0,0,0,5,3,21,1,2
2025,00-0036355,Justin Herbert,QB,LAC,16,265.68,16.6,512,340,3727,26,13,83,498,2,34,0,0,0,0,0
2025,00-0036358,CeeDee Lamb,WR,DAL,13,181.75,13.98,0,0,0,0,0,1,2,0,0,117,75,1077,3,43
2025,00-0036360,Clyde Edwards-Helaire,RB,KC,2,4.15,2.08,0,0,0,0,0,7,13,0,1,2,2,9,0,0
2025,00-0036389,Jalen Hurts,QB,PHI,16,305.96,19.12,454,294,3224,25,6,105,421,8,40,0,0,0,0,0
2025,00-0036407,Jerry Jeudy,WR,CLE,17,108.3,6.37,0,0,0,0,0,1,5,0,1,106,50,602,2,31
2025,00-0036410,Tee Higgins,WR,CIN,15,200.85,13.39,0,0,0,0,0,0,0,0,0,98,59,846,11,41
2025,00-0036414,Cam Akers,RB,SEA,4,9.03,2.26,1,1,32,1,0,5,19,0,1,1,0,0,0,0
2025,00-0036415,Van Jefferson,WR,TEN,14,65.25,4.66,0,0,0,0,0,0,0,0,0,52,29,350,1,17
2025,00-0036422,Adam Trautman,TE,DEN,13,38.25,2.94,0,0,0,0,0,0,0,0,0,23,20,195,1,11
2025,00-0036423,Albert Okwuegbunam,TE,LV,1,6.6,6.6,0,0,0,0,0,0,0,0,0,6,5,36,0,2
2025,00-0036425,DeeJay Dallas,RB,JAX,5,2.65,0.53,0,0,0,0,0,3,21,0,1,1,0,0,0,0
2025,00-0036427,Tyler Johnson,WR,NYJ,9,33.7,3.74,0,0,0,0,0,0,0,0,0,18,12,197,1,8
2025,00-0036429,Charlie Woerner,TE,ATL,7,9.3,1.33,0,0,0,0,0,0,0,0,0,9,8,48,0,2
2025,00-0036442,Joe Burrow,QB,CIN,8,133.41,16.68,259,173,1809,17,5,14,41,0,5,0,0,0,0,0
2025,00-0036463,Chris Blair,WR,ATL,1,0.0,0.0,0,0,0,0,0,0,0,0,0,0,0,0,0,0
2025,00-0036497,Tim Jones,WR,JAX,2,2.25,1.12,0,0,0,0,0,0,0,0,0,1,1,15,0,1
2025,00-0036527,DJ Turner,WR,LV,1,0.0,0.0,0,0,0,0,0,0,0,0,0,0,0,0,0,0
2025,00-0036534,Shane Zylstra,TE,DET,1,3.75,3.75,0,0,0,0,0,0,0,0,0,5,3,20,0,1
2025,00-0036550,Rashod Bateman,WR,BAL,13,51.4,3.95,0,0,0,0,0,0,0,0,0,38,19,224,2,12
2025,00-0036554,Nico Collins,WR,HOU,15,212.65,14.18,0,0,0,0,0,2,15,1,1,120,71,1117,6,48
2025,00-0036555,Chuba Hubbard,RB,CAR,15,139.55,9.3,0,0,0,0,0,134,511,1,31,39,30,223,3,12
2025,00-0036567,Elijah Mitchell,RB,KC,1,0.0,0.0,0,0,0,0,0,0,0,0,0,1,0,0,0,0
2025,00-0036569,Gary Brightwell,RB,CIN,2,0.0,0.0,0,0,0,0,0,0,0,0,0,0,0,0,0,0
2025,00-0036590,Quintin Morris,TE,JAX,11,15.5,1.41,0,0,0,0,0,0,0,0,0,9,6,55,1,4
2025,00-0036613,Jaylen Waddle,WR,MIA,16,181.17,11.32,1,1,8,0,0,2,28,0,1,100,64,910,6,48
2025,00-0036620,Dee Eskridge,WR,MIA,11,6.95,0.63,0,0,0,0,0,0,0,0,0,7,4,62,0,3
2025,00-0036626,Dyami Brown,WR,JAX,11,44.55,4.05,0,0,0,0,0,6,30,0,2,37,20,227,1,13
2025,00-0036628,John Bates,TE,WAS,10,23.3,2.33,0,0,0,0,0,0,0,0,0,16,11,103,1,6
2025,00-0036630,Tylan Wallace,WR,BAL,11,13.25,1.2,0,0,0,0,0,0,0,0,0,8,4,45,1,3
2025,00-0036637,Noah Gray,TE,KC,14,30.55,2.18,0,0,0,0,0,0,0,0,0,37,21,178,0,9
2025,00-0036646,Simi Fehoko,WR,ARI,7,0.0,0.0,0,0,0,0,0,0,0,0,0,0,0,0,0,0
2025,00-0036679,Shane Buechele,QB,KC,1,-1.03,-1.03,14,7,88,0,0,1,4,0,0,0,0,0,0,0
2025,00-0036741,Jack Stoll,TE,NO,9,14.1,1.57,0,0,0,0,0,0,0,0,0,11,6,46,1,2
2025,00-0036754,Brock Wright,TE,DET,8,31.55,3.94,0,0,0,0,0,0,0,0,0,22,14,108,2,7
2025,00-0036755,Jaret Patterson,RB,LAC,6,30.3,5.05,0,0,0,0,0,41,159,1,7,4,3,8,0,1
2025,00-0036825,Feleipe Franks,TE,ATL,10,1.1,0.11,0,0,0,0,0,2,4,0,2,0,0,0,0,0
2025,00-0036841,Austin Trammell,WR,JAX,6,6.6,1.1,0,0,0,0,0,0,0,0,0,10,3,46,0,2
2025,00-0036842,Kene Nwangwu,RB,NYJ,10,16.7,1.67,0,0,0,0,0,13,49,0,2,1,0,0,0,0
2025,00-0036849,Tutu Atwell,WR,LA,8,30.2,3.78,0,0,0,0,0,0,0,0,0,15,6,192,1,4
2025,00-0036862,Ben Skowronek,WR,PIT,16,15.9,0.99,0,0,0,0,0,0,0,0,0,6,4,69,1,4
2025,00-0036875,Rhamondre Stevenson,RB,NE,14,195.8,13.99,0,0,0,0,0,130,603,7,29,37,32,345,2,11
2025,00-0036876,Kylen Granson,TE,PHI,12,8.25,0.69,0,0,0,0,0,0,0,0,0,9,7,40,0,3
2025,00-0036887,Luke Farrell,TE,SF,13,24.5,1.88,0,0,0,0,0,0,0,0,0,14,11,85,2,6
2025,00-0036893,Najee Harris,RB,LAC,3,12.6,4.2,0,0,0,0,0,15,61,0,3,3,3,25,0,1
2025,00-0036894,Pat Freiermuth,TE,PIT,15,103.85,6.92,0,0,0,0,0,0,0,0,0,54,41,486,4,21
2025,00-0036898,Davis Mills,QB,HOU,6,64.0,10.67,159,91,915,5,1,13,60,1,2,0,0,0,0,0
2025,00-0036900,Ja'Marr Chase,WR,CIN,16,275.15,17.2,0,0,0,0,0,3,14,0,0,185,125,1412,8,73
2025,00-0036906,Khalil Herbert,RB,NYJ,5,8.2,1.64,0,0,0,0,0,16,52,0,2,4,1,4,0,0
2025,00-0036912,DeVonta Smith,WR,PHI,17,182.8,10.75,0,0,0,0,0,0,0,0,0,113,77,1008,4,44
2025,00-0036919,Kenny Gainwell,RB,PIT,17,219.45,12.91,0,0,0,0,0,114,537,5,34,85,73,486,3,23
2025,00-0036924,Michael Carter,RB,ARI,13,108.45,8.34,0,0,0,0,0,92,333,1,19,45,33,267,0,12
2025,00-0036945,Justin Fields,QB,NYJ,9,141.06,15.67,204,128,1259,7,1,71,383,4,26,1,0,0,0,0
2025,00-0036950,Avery Williams,RB,NYJ,1,0.0,0.0,0,0,0,0,0,0,0,0,0,0,0,0,0,0
2025,00-0036959,Michael Bandy,WR,DEN,4,10.75,2.69,0,0,0,0,0,0,0,0,0,4,4,50,1,3
2025,00-0036963,Amon-Ra St. Brown,WR,DET,17,288.3,16.96,0,0,0,0,0,3,9,0,1,172,117,1401,11,71
2025,00-0036970,Kyle Pitts,TE,ATL,17,184.05,10.83,0,0,0,0,0,0,0,0,0,118,88,928,5,51
2025,00-0036971,Trevor Lawrence,QB,JAX,17,322.73,18.98,560,341,4007,29,12,82,359,9,40,0,0,0,0,0
2025,00-0036972,Mac Jones,QB,SF,11,129.99,11.82,289,201,2151,13,6,36,60,0,11,0,0,0,0,0
2025,00-0036973,Travis Etienne,RB,JAX,17,289.4,17.02,0,0,0,0,0,260,1107,7,48,52,36,292,6,14
2025,00-0036980,Elijah Moore,WR,BUF,9,26.45,2.94,0,0,0,0,0,6,24,1,3,17,9,112,0,4
2025,00-0036984,Trey Sermon,RB,PIT,3,0.0,0.0,0,0,0,0,0,0,0,0,0,0,0,0,0,0
2025,00-0036988,Josh Palmer,WR,BUF,12,50.3,4.19,0,0,0,0,0,0,0,0,0,37,22,303,0,14
2025,00-0036997,Javonte Williams,RB,DAL,16,272.5,17.03,0,0,0,0,0,252,1201,11,67,51,35,137,2,7
2025,00-0037004,Hunter Long,TE,JAX,7,26.75,3.82,0,0,0,0,0,0,0,0,0,17,12,85,2,5
2025,00-0037005,Tommy Tremble,TE,CAR,15,55.4,3.69,0,0,0,0,0,0,0,0,0,37,27,249,2,10
2025,00-0037012,Trey Lance,QB,LAC,4,3.69,0.92,57,27,226,0,1,17,85,0,5,0,0,0,0,0
2025,00-0037013,Zach Wilson,QB,MIA,4,1.03,0.26,11,6,32,0,0,3,1,0,0,0,0,0,0,0
2025,00-0037015,Sal Cannella,TE,CLE,2,2.35,1.18,0,0,0,0,0,0,0,0,0,5,2,11,0,1
2025,00-0037031,Nikola Kalinic,TE,CHI,2,0.0,0.0,0,0,0,0,0,0,0,0,0,0,0,0,0,0
2025,00-0037085,Tyler Badie,RB,DEN,16,29.2,1.82,0,0,0,0,0,8,23,0,1,31,19,141,0,9
2025,00-0037086,Grant Calcaterra,TE,PHI,9,19.1,2.12,0,0,0,0,0,0,0,0,0,13,9,76,1,4
2025,00-0037093,Dareke Young,WR,SEA,8,6.3,0.79,0,0,0,0,0,0,0,0,0,3,2,48,0,2
2025,00-0037098,Samori Toure,WR,NO,1,0.8,0.8,0,0,0,0,0,0,0,0,0,3,1,3,0,0
2025,00-0037112,Jake Tonges,TE,SF,10,86.05,8.6,0,0,0,0,0,0,0,0,0,46,34,293,5,21
2025,00-0037120,Tyler Goodson,RB,IND,10,5.1,0.51,0,0,0,0,0,9,24,0,0,3,2,8,0,0
2025,00-0037132,Britain Covey,WR,PHI,6,1.5,0.25,0,0,0,0,0,0,0,0,0,4,2,20,0,2
2025,00-0037157,Bam Knight,RB,ARI,12,101.35,8.45,0,0,0,0,0,82,269,4,21,31,22,160,1,10
2025,00-0037197,Isiah Pacheco,RB,KC,13,101.85,7.83,0,0,0,0,0,118,462,1,27,26,19,101,1,4
2025,00-0037228,Jaylen Warren,RB,PIT,16,245.45,15.34,0,0,0,0,0,211,958,6,52,45,40,333,2,13
2025,00-0037231,Kevin Austin Jr.,WR,NO,5,28.25,5.65,0,0,0,0,0,0,0,0,0,23,13,140,1,7
2025,00-0037238,Drake London,WR,ATL,12,186.9,15.58,0,0,0,0,0,0,0,0,0,112,68,919,7,46
2025,00-0037239,Chris Olave,WR,NO,16,238.6,14.91,1,0,0,0,1,1,-3,0,0,156,100,1163,9,53
2025,00-0037240,Jameson Williams,WR,DET,17,209.75,12.34,0,0,0,0,0,6,12,0,0,102,65,1117,7,49
2025,00-0037247,George Pickens,WR,DAL,17,269.15,15.83,0,0,0,0,0,0,0,0,0,137,93,1429,9,73
2025,00-0037248,James Cook,RB,BUF,17,344.35,20.26,0,0,0,0,0,309,1621,12,68,40,33,291,2,11
2025,00-0037252,Greg Dulcich,TE,MIA,9,56.9,6.32,0,0,0,0,0,1,-7,0,0,33,26,335,1,14
2025,00-0037256,Rachaad White,RB,TB,17,153.95,9.06,0,0,0,0,0,132,572,4,37,45,40,218,0,10
2025,00-0037258,Dameon Pierce,RB,KC,5,5.25,1.05,0,0,0,0,0,14,36,0,1,1,0,0,0,0
2025,00-0037261,Khalil Shakir,WR,BUF,16,144.0,9.0,0,0,0,0,0,1,5,0,0,95,72,719,4,28
2025,00-0037263,Tyler Allgeier,RB,ATL,17,144.55,8.5,0,0,0,0,0,143,514,8,36,16,14,96,0,3
2025,00-0037267,Jerome Ford,RB,CLE,13,35.25,2.71,0,0,0,0,0,24,73,0,5,32,26,103,0,4
2025,00-0037276,Ty Chandler,RB,MIN,3,9.5,3.17,0,0,0,0,0,17,47,0,1,4,3,11,0,1
2025,00-0037277,Teagan Quitoriano,TE,ATL,2,0.0,0.0,0,0,0,0,0,0,0,0,0,0,0,0,0,0
2025,00-0037282,James Mitchell,TE,CAR,2,4.8,2.4,0,0,0,0,0,0,0,0,0,3,3,28,0,2
2025,00-0037291,Jalen Nailor,WR,MIN,17,98.9,5.82,0,0,0,0,0,2,13,0,1,53,29,444,4,23
2025,00-0037292,Andrew Ogletree,TE,IND,11,11.2,1.02,0,0,0,0,0,0,0,0,0,6,4,27,1,2
2025,00-0037306,John FitzPatrick,TE,GB,11,20.2,1.84,0,0,0,0,0,0,0,0,0,15,12,72,1,4
2025,00-0037311,Ko Kieft,TE,TB,2,0.0,0.0,0,0,0,0,0,0,0,0,0,0,0,0,0,0
2025,00-0037324,Chris Oladokun,QB,KC,3,-0.8,-0.27,55,35,235,1,0,5,18,0,0,0,0,0,0,0
2025,00-0037329,Brittain Brown,RB,CHI,2,10.7,5.35,0,0,0,0,0,5,37,1,2,1,0,0,0,0
2025,00-0037340,Zaire Mitchell-Paden,TE,NO,3,2.95,0.98,0,0,0,0,0,0,0,0,0,3,2,17,0,1
2025,00-0037348,Tanner Conner,TE,MIA,8,14.35,1.79,0,0,0,0,0,0,0,0,0,15,9,91,0,3
2025,00-0037380,Kaden Davis,WR,CLE,1,0.0,0.0,0,0,0,0,0,0,0,0,0,0,0,0,0,0
2025,00-0037475,Stone Smartt,TE,NYJ,6,9.45,1.58,0,0,0,0,0,0,0,0,0,9,7,52,0,3
2025,00-0037487,Deven Thompkins,WR,ATL,7,5.05,0.72,0,0,0,0,0,1,5,0,0,3,3,27,0,1
2025,00-0037524,Tay Martin,WR,WAS,2,3.55,1.78,0,0,0,0,0,0,0,0,0,2,2,23,0,1
2025,00-0037525,Jordan Mason,RB,MIN,16,150.8,9.43,0,0,0,0,0,159,758,6,45,16,14,51,0,1
2025,00-0037539,Lucas Krull,TE,DEN,2,2.5,1.25,0,0,0,0,0,0,0,0,0,4,2,15,0,0
2025,00-0037545,Rashid Shaheed,WR,SEA,18,147.5,8.19,0,0,0,0,0,9,69,0,3,92,59,687,2,29
2025,00-0037557,Ronnie Rivers,RB,LA,6,6.25,1.04,0,0,0,0,0,9,46,0,3,0,0,0,0,0
2025,00-0037563,Malik Davis,RB,DAL,10,53.05,5.3,0,0,0,0,0,52,250,2,11,5,2,16,0,0
2025,00-0037594,Julius Chestnut,RB,TEN,16,6.1,0.38,0,0,0,0,0,11,40,0,4,2,0,0,0,0
2025,00-0037614,John Metchie III,WR,NYJ,13,63.95,4.92,0,0,0,0,0,3,-5,0,0,48,33,274,2,15
2025,00-0037617,Hassan Haskins,RB,LAC,11,10.7,0.97,0,0,0,0,0,17,47,0,4,4,4,13,0,0
2025,00-0037654,Tucker Fisk,TE,LAC,4,3.15,0.79,0,0,0,0,0,0,0,0,0,4,2,19,0,1
2025,00-0037664,Alec Pierce,WR,IND,15,179.55,11.97,0,0,0,0,0,0,0,0,0,84,47,1003,6,41
2025,00-0037666,Jalen Tolbert,WR,DAL,12,42.8,3.57,0,0,0,0,0,0,0,0,0,34,18,203,1,12
2025,00-0037740,Garrett Wilson,WR,NYJ,7,89.5,12.79,0,0,0,0,0,0,0,0,0,59,36,395,4,18
2025,00-0037741,Jahan Dotson,WR,PHI,15,50.2,3.35,0,0,0,0,0,0,0,0,0,36,18,262,1,10
2025,00-0037742,Treylon Burks,WR,WAS,8,24.75,3.09,0,0,0,0,0,0,0,0,0,22,10,130,1,7
2025,00-0037744,Trey McBride,TE,ARI,17,273.15,16.07,0,0,0,0,0,0,0,0,0,169,126,1239,11,63
2025,00-0037745,Velus Jones Jr.,WR,SEA,5,3.85,0.77,0,0,0,0,0,4,32,0,1,0,0,0,0,0
2025,00-0037746,Brian Robinson,RB,SF,17,77.45,4.56,0,0,0,0,0,92,400,2,20,12,8,25,0,1
2025,00-0037755,Jelani Woods,TE,NYJ,2,0.9,0.45,0,0,0,0,0,0,0,0,0,3,1,4,0,0
2025,00-0037801,KaVontae Turpin,WR,DAL,15,83.45,5.56,0,0,0,0,0,17,89,0,3,38,26,396,2,16
2025,00-0037805,Jeremy Ruckert,TE,NYJ,14,37.4,2.67,0,0,0,0,0,0,0,0,0,29,23,179,1,8
2025,00-0037809,Chig Okonkwo,TE,TEN,17,107.5,6.32,0,0,0,0,0,0,0,0,0,79,56,560,2,24
2025,00-0037816,Romeo Doubs,WR,GB,16,154.65,9.67,0,0,0,0,0,0,0,0,0,85,55,724,6,41
2025,00-0037834,Brock Purdy,QB,SF,9,185.13,20.57,284,197,2167,20,10,33,147,3,16,0,0,0,0,0
2025,00-0037837,Calvin Austin III,WR,PIT,14,78.95,5.64,0,0,0,0,0,0,0,0,0,55,31,372,3,15
2025,00-0037838,Isaiah Likely,TE,BAL,12,54.45,4.54,0,0,0,0,0,0,0,0,0,36,27,307,1,11
2025,00-0037840,Kyren Williams,RB,LA,17,299.7,17.63,0,0,0,0,0,259,1252,10,74,50,36,281,3,12
2025,00-0038040,Zamir White,RB,LV,5,9.05,1.81,0,0,0,0,0,12,32,0,1,6,4,24,0,0
2025,00-0038041,Jake Ferguson,TE,DAL,17,157.2,9.25,0,0,0,0,0,1,1,0,0,102,82,600,8,30
2025,00-0038046,Charlie Kolar,TE,BAL,13,33.45,2.57,0,0,0,0,0,0,0,0,0,15,10,142,2,9
2025,00-0038090,Skyy Moore,WR,SF,17,13.0,0.76,0,0,0,0,0,2,11,0,1,7,5,87,0,5
2025,00-0038102,Kenny Pickett,QB,LV,6,-2.48,-0.41,45,28,188,1,2,5,22,0,3,0,0,0,0,0
2025,00-0038104,Tyquan Thornton,WR,KC,12,81.55,6.8,0,0,0,0,0,0,0,0,0,37,19,438,3,15
2025,00-0038115,Daniel Bellinger,TE,NYG,13,59.1,4.55,0,0,0,0,0,0,0,0,0,26,19,286,2,14
2025,00-0038117,Wan'Dale Robinson,WR,NYG,16,187.7,11.73,0,0,0,0,0,3,5,0,1,140,92,1014,4,39
2025,00-0038120,Breece Hall,RB,NYJ,16,242.56,15.16,1,1,4,1,0,243,1065,4,57,48,36,350,1,13
2025,00-0038124,Christian Watson,WR,GB,10,129.5,12.95,0,0,0,0,0,1,3,0,0,55,35,611,6,28
2025,00-0038128,Malik Willis,QB,GB,4,57.88,14.47,35,30,422,3,0,22,123,2,9,0,0,0,0,0
2025,00-0038129,Cade Otton,TE,TB,15,103.45,6.9,0,0,0,0,0,0,0,0,0,81,59,572,1,25
2025,00-0038134,Kenneth Walker III,RB,SEA,17,223.0,13.12,0,0,0,0,0,221,1027,5,46,36,31,282,0,12
2025,00-0038359,Xavier Smith,WR,LA,16,48.55,3.03,0,0,0,0,0,0,0,0,0,24,18,303,0,11
2025,00-0038393,Dontayvion Wicks,WR,GB,13,70.65,5.43,0,0,0,0,0,1,6,0,0,46,30,332,2,21
2025,00-0038394,Will Mallory,TE,IND,1,2.35,2.35,0,0,0,0,0,0,0,0,0,1,1,16,0,1
2025,00-0038396,Eric Gray,RB,NYG,1,0.0,0.0,0,0,0,0,0,0,0,0,0,0,0,0,0,0
2025,00-0038397,Evan Hull,RB,NO,6,8.3,1.38,0,0,0,0,0,19,48,0,2,1,1,6,0,0
2025,00-0038400,Tanner McKee,QB,PHI,4,9.46,2.37,43,24,274,1,1,8,8,0,1,0,0,0,0,0
2025,00-0038409,Lew Nichols III,RB,PIT,1,0.0,0.0,0,0,0,0,0,0,0,0,0,0,0,0,0,0
2025,00-0038416,Tyson Bagent,QB,CHI,2,1.83,0.92,4,3,47,0,0,2,7,0,0,0,0,0,0,0
2025,00-0038440,Zavier Scott,RB,MIN,11,36.65,3.33,0,0,0,0,0,32,114,0,6,16,14,98,1,7
2025,00-0038454,Keaton Mitchell,RB,BAL,13,65.8,5.06,0,0,0,0,0,59,341,1,16,12,9,63,0,2
2025,00-0038456,Travis Vokolek,TE,ARI,1,0.0,0.0,0,0,0,0,0,0,0,0,0,0,0,0,0,0
2025,00-0038458,Owen Wright,RB,TB,2,0.9,0.45,0,0,0,0,0,3,6,0,0,0,0,0,0,0
2025,00-0038465,Malik Heath,WR,GB,7,12.6,1.8,0,0,0,0,0,0,0,0,0,7,6,86,0,4
2025,00-0038488,Brady Russell,RB,SEA,10,0.0,0.0,0,0,0,0,0,0,0,0,0,1,0,0,0,0
2025,00-0038492,Jason Brownlee,WR,KC,3,0.0,0.0,0,0,0,0,0,0,0,0,0,1,0,0,0,0
2025,00-0038496,Xavier Gipson,WR,PHI,6,-5.4,-0.9,0,0,0,0,0,0,0,0,0,2,2,6,0,0
2025,00-0038498,E.J. Jenkins,TE,PHI,1,0.0,0.0,0,0,0,0,0,0,0,0,0,0,0,0,0,0
2025,00-0038519,Nikko Remigio,WR,KC,14,2.3,0.16,0,0,0,0,0,1,11,0,1,1,1,21,0,1
2025,00-0038542,Bijan Robinson,RB,ATL,17,396.25,23.31,0,0,0,0,0,287,1478,7,63,103,79,820,4,34
2025,00-0038543,Jaxon Smith-Njigba,WR,SEA,17,330.85,19.46,0,0,0,0,0,7,36,0,2,163,119,1793,10,79
2025,00-0038544,Quentin Johnston,WR,LAC,13,159.15,12.24,0,0,0,0,0,2,7,0,0,84,51,735,8,27
2025,00-0038547,Luke Schoonmaker,TE,DAL,14,21.95,1.57,0,0,0,0,0,0,0,0,0,23,14,132,0,7
2025,00-0038551,Kendre Miller,RB,NO,7,38.0,5.43,0,0,0,0,0,47,193,1,9,5,5,30,0,1
2025,00-0038555,Tank Bigsby,RB,PHI,15,67.85,4.52,0,0,0,0,0,63,356,2,18,4,3,32,0,1
2025,00-0038558,Darnell Washington,TE,PIT,13,65.4,5.03,0,0,0,0,0,0,0,0,0,43,31,364,1,16
2025,00-0038559,Michael Wilson,WR,ARI,17,200.85,11.81,0,0,0,0,0,0,0,0,0,126,78,1006,7,51
2025,00-0038563,Tre Tucker,WR,LV,17,148.05,8.71,0,0,0,0,0,11,51,0,1,92,57,696,5,32
2025,00-0038564,Cameron Latu,TE,PHI,10,0.0,0.0,0,0,0,0,0,0,0,0,0,0,0,0,0,0
2025,00-0038573,Derius Davis,WR,LAC,11,-0.3,-0.03,0,0,0,0,0,2,5,0,0,3,2,10,0,0
2025,00-0038576,Charlie Jones,WR,CIN,14,10.0,0.71,0,0,0,0,0,0,0,0,0,1,0,0,0,0
2025,00-0038579,Aidan O'Connell,QB,LV,1,1.88,1.88,22,10,102,0,0,1,7,0,0,0,0,0,0,0
2025,00-0038582,Clayton Tune,QB,GB,2,-5.32,-2.66,15,7,42,0,1,5,23,0,2,0,0,0,0,0
2025,00-0038589,Josh Whyle,TE,GB,6,12.6,2.1,0,0,0,0,0,0,0,0,0,6,5,36,1,2
2025,00-0038590,Justin Shorter,TE,LV,3,0.0,0.0,0,0,0,0,0,0,0,0,0,0,0,0,0,0
2025,00-0038597,Chase Brown,RB,CIN,17,296.8,17.46,0,0,0,0,0,232,1019,6,52,88,69,437,5,18
2025,00-0038606,Parker Washington,WR,JAX,16,178.4,11.15,0,0,0,0,0,7,0,0,1,95,58,847,5,37
2025,00-0038608,Kayshon Boutte,WR,NE,14,118.85,8.49,0,0,0,0,0,0,0,0,0,46,33,551,6,27
2025,00-0038611,Chris Rodriguez Jr.,RB,WAS,12,115.45,9.62,0,0,0,0,0,112,500,6,32,4,3,30,0,1
2025,00-0038618,Xavier Hutchinson,WR,HOU,16,90.55,5.66,0,0,0,0,0,3,22,0,2,57,35,428,3,19
2025,00-0038619,Andrei Iosivas,WR,CIN,15,84.2,5.61,0,0,0,0,0,3,14,0,0,58,33,435,2,24
2025,00-0038621,DeMario Douglas,WR,NE,16,93.25,5.83,0,0,0,0,0,7,21,0,2,46,31,447,3,17
2025,00-0038640,Jalen Brooks,WR,ARI,5,4.35,0.87,0,0,0,0,0,0,0,0,0,6,3,51,0,3
2025,00-0038643,Brayden Willis,TE,SF,6,0.0,0.0,0,0,0,0,0,0,0,0,0,1,0,0,0,0
2025,00-0038647,Ronnie Bell,WR,NO,2,9.55,4.78,0,0,0,0,0,0,0,0,0,4,2,23,1,1
2025,00-0038658,Adrian Martinez,QB,SF,1,0.0,0.0,0,0,0,0,0,1,-1,0,0,0,0,0,0,0
2025,00-0038678,Jordan Mims,RB,TEN,1,0.0,0.0,0,0,0,0,0,0,0,0,0,0,0,0,0,0
2025,00-0038679,Tyrell Shavers,WR,BUF,11,43.25,3.93,0,0,0,0,0,0,0,0,0,23,15,245,1,11
2025,00-0038685,Chris Brooks,RB,GB,17,30.9,1.82,0,0,0,0,0,27,106,0,5,17,13,91,0,3
2025,00-0038705,Emari Demercado,RB,ARI,12,64.7,5.39,0,0,0,0,0,44,312,0,9,20,13,101,1,3
2025,00-0038710,Blake Whiteheart,TE,CLE,9,0.4,0.04,0,0,0,0,0,0,0,0,0,6,2,4,0,0
2025,00-0038720,Julian Hill,TE,MIA,11,26.0,2.36,0,0,0,0,0,0,0,0,0,20,15,140,0,6
2025,00-0038728,Jared Wayne,WR,HOU,1,3.25,3.25,0,0,0,0,0,0,0,0,0,2,2,20,0,1
2025,00-0038735,Princeton Fant,TE,DAL,1,0.0,0.0,0,0,0,0,0,0,0,0,0,0,0,0,0,0
2025,00-0038738,Hunter Luepke,RB,DAL,14,35.1,2.51,0,0,0,0,0,16,71,0,6,15,13,109,1,6
2025,00-0038740,Jalen Moreno-Cropper,WR,DAL,2,-1.0,-0.5,0,0,0,0,0,0,0,0,0,0,0,0,0,0
2025,00-0038752,Jake Bobo,WR,SEA,5,3.25,0.65,0,0,0,0,0,0,0,0,0,2,2,20,0,1
2025,00-0038783,Nate Adkins,TE,DEN,6,14.55,2.43,0,0,0,0,0,0,0,0,0,11,6,48,1,3
2025,00-0038794,Jaleel McLaughlin,RB,DEN,8,35.6,4.45,0,0,0,0,0,37,187,1,8,6,4,27,0,2
2025,00-0038797,Emanuel Wilson,RB,GB,17,113.25,6.66,0,0,0,0,0,125,496,3,32,17,15,99,0,5
2025,00-0038809,Ben Sims,TE,MIN,3,5.0,1.67,0,0,0,0,0,0,0,0,0,6,3,30,0,2
2025,00-0038824,Ryan Miller,WR,TB,9,10.65,1.18,0,0,0,0,0,0,0,0,0,4,2,34,1,1
2025,00-0038839,Mitchell Tinsley,WR,CIN,8,29.1,3.64,0,0,0,0,0,0,0,0,0,24,8,116,2,6
2025,00-0038840,Brycen Tremayne,WR,CAR,15,23.75,1.58,0,0,0,0,0,0,0,0,0,18,14,160,0,7
2025,00-0038891,Shedrick Jackson,WR,LV,3,14.5,4.83,0,0,0,0,0,1,3,0,0,5,4,56,1,2
2025,00-0038896,Jacob Saylors,RB,DET,11,1.55,0.14,0,0,0,0,0,2,11,0,1,0,0,0,0,0
2025,00-0038911,Malik Cunningham,WR,DET,1,0.2,0.2,0,0,0,0,0,1,1,0,0,0,0,0,0,0
2025,00-0038933,Dalton Kincaid,TE,BUF,12,117.85,9.82,0,0,0,0,0,0,0,0,0,49,39,571,5,27
2025,00-0038935,Brenton Strange,TE,JAX,12,106.5,8.88,0,0,0,0,0,0,0,0,0,60,46,540,3,28
2025,00-0038938,Jalin Hyatt,WR,NYG,6,6.5,1.08,0,0,0,0,0,0,0,0,0,14,5,35,0,2
2025,00-0038951,Sean Tucker,RB,TB,17,105.25,6.19,0,0,0,0,0,86,320,7,22,11,8,34,1,1
2025,00-0038953,Dylan Drummond,WR,ATL,6,8.2,1.37,0,0,0,0,0,0,0,0,0,11,7,42,0,2
2025,00-0038976,Marvin Mims Jr.,WR,DEN,15,86.45,5.76,0,0,0,0,0,12,78,1,3,51,37,322,1,14
2025,00-0038979,Cedric Tillman,WR,CLE,12,58.25,4.85,0,0,0,0,0,0,0,0,0,39,21,270,2,13
2025,00-0038994,Jordan Addison,WR,MIN,14,128.8,9.2,0,0,0,0,0,2,81,1,2,79,42,610,3,26
2025,00-0038996,Tucker Kraft,TE,GB,8,113.3,14.16,0,0,0,0,0,1,3,0,0,44,32,489,6,22
2025,00-0038997,Josh Downs,WR,IND,16,120.1,7.51,0,0,0,0,0,2,-2,0,0,88,58,566,4,36
2025,00-0039021,Roschon Johnson,RB,CHI,6,2.15,0.36,0,0,0,0,0,2,17,0,1,0,0,0,0,0
2025,00-0039032,Tyjae Spears,RB,TEN,13,112.9,8.68,0,0,0,0,0,72,283,2,16,50,45,264,0,10
2025,00-0039040,De'Von Achane,RB,MIA,16,344.85,21.55,0,0,0,0,0,238,1350,8,56,85,67,488,4,23
2025,00-0039041,Elijah Higgins,TE,ARI,17,50.35,2.96,0,0,0,0,0,0,0,0,0,37,30,301,0,15
2025,00-0039050,Payne Durham,TE,TB,8,1.85,0.23,0,0,0,0,0,0,0,0,0,4,1,11,0,1
2025,00-0039062,Jonathan Mingo,WR,DAL,5,3.25,0.65,0,0,0,0,0,0,0,0,0,5,1,25,0,1
2025,00-0039064,Zay Flowers,WR,BAL,17,219.55,12.91,0,0,0,0,0,10,62,1,3,118,86,1211,5,48
2025,00-0039065,Sam LaPorta,TE,DET,9,98.15,10.91,0,0,0,0,0,0,0,0,0,49,40,489,3,23
2025,00-0039066,Michael Mayer,TE,LV,13,64.3,4.95,0,0,0,0,0,0,0,0,0,50,35,328,1,18
2025,00-0039067,Rashee Rice,WR,KC,8,137.1,17.14,0,0,0,0,0,5,20,1,2,78,53,571,5,28
2025,00-0039074,Davis Allen,TE,LA,15,55.3,3.69,0,0,0,0,0,0,0,0,0,33,24,208,3,12
2025,00-0039075,Puka Nacua,WR,LA,16,340.25,21.27,0,0,0,0,0,10,105,1,5,166,129,1715,10,80
2025,00-0039139,Jahmyr Gibbs,RB,DET,17,387.7,22.81,0,0,0,0,0,243,1223,13,56,94,77,616,5,28
2025,00-0039144,Luke Musgrave,TE,GB,13,43.45,3.34,0,0,0,0,0,0,0,0,0,31,24,252,0,11
2025,00-0039146,Jayden Reed,WR,GB,5,43.05,8.61,0,0,0,0,0,3,28,0,1,22,19,207,1,8
2025,00-0039150,Bryce Young,QB,CAR,16,203.34,12.71,478,304,3011,23,11,54,216,2,16,0,0,0,0,0
2025,00-0039163,C.J. Stroud,QB,HOU,14,209.64,14.97,423,273,3041,19,8,48,209,1,18,0,0,0,0,0
2025,00-0039164,Anthony Richardson,QB,IND,2,2.41,1.2,2,1,9,0,0,4,-1,0,1,1,1,9,0,1
2025,00-0039165,Zach Charbonnet,RB,SEA,16,209.05,13.07,0,0,0,0,0,184,730,12,48,24,20,144,0,7
2025,00-0039266,Kendall Milton,RB,CIN,1,0.4,0.4,0,0,0,0,0,2,2,0,0,0,0,0,0,0
2025,00-0039299,George Holani,RB,SEA,10,26.5,2.65,0,0,0,0,0,22,73,1,5,2,2,15,0,1
2025,00-0039337,Malik Nabers,WR,NYG,4,56.35,14.09,0,0,0,0,0,0,0,0,0,35,18,271,2,11
2025,00-0039338,Brock Bowers,TE,LV,12,158.9,13.24,0,0,0,0,0,2,2,0,0,86,64,680,7,36
2025,00-0039342,Xavier Legette,WR,CAR,15,79.9,5.33,0,0,0,0,0,1,0,0,0,64,35,363,3,18
2025,00-0039355,Luke McCaffrey,WR,WAS,9,51.8,5.76,0,0,0,0,0,0,0,0,0,15,11,203,3,6
2025,00-0039356,Ja'Tavion Sanders,TE,CAR,12,41.5,3.46,0,0,0,0,0,0,0,0,0,34,29,190,1,8
2025,00-0039359,Cade Stover,TE,HOU,6,15.8,2.63,0,0,0,0,0,4,3,0,2,16,12,76,0,4
2025,00-0039361,Bucky Irving,RB,TB,10,159.3,15.93,0,0,0,0,0,173,588,1,27,35,30,277,3,11
2025,00-0039363,Isaac Guerendo,RB,SF,7,0.0,0.0,0,0,0,0,0,0,0,0,0,0,0,0,0,0
2025,00-0039364,Sione Vaki,RB,DET,8,0.5,0.06,0,0,0,0,0,1,4,0,0,0,0,0,0,0
2025,00-0039373,Audric Estimé,RB,NO,5,50.45,10.09,0,0,0,0,0,46,198,1,12,13,12,103,0,3
2025,00-0039376,Spencer Rattler,QB,NO,9,91.14,10.13,257,174,1586,8,5,31,167,0,17,2,1,0,0,0
2025,00-0039379,Jamari Thrash,WR,CLE,8,16.95,2.12,0,0,0,0,0,0,0,0,0,15,10,107,0,5
2025,00-0039384,Tyrone Tracy Jr.,RB,NYG,15,182.65,12.18,0,0,0,0,0,176,740,2,39,48,36,288,2,14
2025,00-0039391,Kimani Vidal,RB,LAC,13,140.4,10.8,0,0,0,0,0,155,643,3,32,22,16,136,1,6
2025,00-0039394,Casey Washington,WR,ATL,5,13.9,2.78,0,0,0,0,0,0,0,0,0,14,6,94,0,6
2025,00-0039398,Joe Milton III,QB,DAL,4,8.32,2.08,24,15,183,1,2,5,50,0,1,0,0,0,0,0
2025,00-0039405,Jawhar Jordan,RB,HOU,4,34.0,8.5,0,0,0,0,0,43,193,0,8,7,7,34,0,2
2025,00-0039407,Dylan Laube,RB,LV,17,2.15,0.13,0,0,0,0,0,7,9,0,0,4,3,18,0,1
2025,00-0039410,Ryan Flournoy,WR,DAL,15,109.65,7.31,0,0,0,0,0,4,25,0,2,56,40,475,4,29
2025,00-0039424,Devaughn Vele,WR,NO,9,63.05,7.01,0,0,0,0,0,0,0,0,0,39,25,293,2,19
2025,00-0039451,Isaiah Williams,WR,NYJ,15,55.5,3.7,1,0,0,0,0,3,34,0,1,36,26,193,0,10
2025,00-0039458,Brenden Bates,TE,CLE,5,7.55,1.51,0,0,0,0,0,0,0,0,0,5,4,48,0,3
2025,00-0039489,Hayden Rucci,TE,MIA,1,0.0,0.0,0,0,0,0,0,0,0,0,0,0,0,0,0,0
2025,00-0039491,Jalen Coker,WR,CAR,11,83.9,7.63,0,0,0,0,0,0,0,0,0,43,33,394,3,22
2025,00-0039521,Xavier Weaver,WR,ARI,7,10.7,1.53,0,0,0,0,0,0,0,0,0,13,7,67,0,2
2025,00-0039530,Brevyn Spann-Ford,TE,DAL,16,20.5,1.28,0,0,0,0,0,0,0,0,0,13,9,90,1,4
2025,00-0039577,Kedon Slovis,QB,ARI,2,-0.23,-0.12,2,1,-2,0,0,0,0,0,0,0,0,0,0,0
2025,00-0039589,Kameron Johnson,WR,TB,17,14.9,0.88,0,0,0,0,0,2,13,0,1,7,4,64,1,3
2025,00-0039603,British Brooks,RB,HOU,8,10.75,1.34,0,0,0,0,0,17,78,0,5,0,0,0,0,0
2025,00-0039623,Mason Tipton,WR,NO,8,15.8,1.98,0,0,0,0,0,4,18,0,2,17,11,76,0,4
2025,00-0039631,Cam Grandy,TE,CIN,2,0.7,0.35,0,0,0,0,0,0,0,0,0,2,2,7,0,0
2025,00-0039648,David Martin-Robinson,TE,TEN,11,11.75,1.07,0,0,0,0,0,0,0,0,0,6,4,30,1,3
2025,00-0039650,Bryce Oliver,WR,TEN,2,1.3,0.65,0,0,0,0,0,0,0,0,0,1,1,8,0,0
2025,00-0039686,Colson Yankoff,TE,WAS,10,3.3,0.33,0,0,0,0,0,0,0,0,0,3,2,18,0,2
2025,00-0039710,Jeshaun Jones,WR,MIN,1,0.0,0.0,0,0,0,0,0,0,0,0,0,0,0,0,0,0
2025,00-0039732,Bo Nix,QB,DEN,17,310.19,18.25,612,388,3931,25,11,83,356,5,25,1,0,0,0,0
2025,00-0039737,Tip Reiman,TE,ARI,3,3.55,1.18,0,0,0,0,0,0,0,0,0,5,3,18,0,1
2025,00-0039738,Blake Corum,RB,LA,17,149.7,8.81,0,0,0,0,0,145,746,6,44,14,8,36,0,2
2025,00-0039739,Roman Wilson,WR,PIT,9,34.35,3.82,0,0,0,0,0,0,0,0,0,21,12,166,2,7
2025,00-0039746,Will Shipley,RB,PHI,14,14.9,1.06,0,0,0,0,0,14,49,0,4,12,9,56,0,2
2025,00-0039751,Jordan Whittington,WR,LA,15,30.35,2.02,0,0,0,0,0,3,12,0,0,25,18,171,0,7
2025,00-0039754,Devin Culp,TE,TB,4,7.35,1.84,0,0,0,0,0,0,0,0,0,1,1,6,1,1
2025,00-0039757,Terrell Jennings,RB,NE,6,19.0,3.17,0,0,0,0,0,23,73,1,8,1,1,9,0,0
2025,00-0039792,Devontez Walker,WR,BAL,8,35.85,4.48,0,0,0,0,0,0,0,0,0,8,6,136,3,5
2025,00-0039793,AJ Barner,TE,SEA,17,134.55,7.91,0,0,0,0,0,10,14,1,9,68,52,519,6,26
2025,00-0039794,Braelon Allen,RB,NYJ,4,16.35,4.09,0,0,0,0,0,18,76,1,4,3,2,17,0,1
2025,00-0039796,Rasheen Ali,RB,BAL,15,21.15,1.41,0,0,0,0,0,7,24,0,1,11,9,68,1,2
2025,00-0039798,Isaiah Davis,RB,NYJ,16,72.25,4.52,0,0,0,0,0,43,236,1,7,28,21,186,0,8
2025,00-0039816,Anthony Gould,WR,IND,11,1.6,0.15,0,0,0,0,0,0,0,0,0,2,2,6,0,0
2025,00-0039824,Jared Wiley,TE,KC,2,1.15,0.57,0,0,0,0,0,0,0,0,0,1,1,4,0,1
2025,00-0039847,Theo Johnson,TE,NYG,15,118.05,7.87,0,0,0,0,0,0,0,0,0,74,45,528,5,25
2025,00-0039849,Marvin Harrison Jr.,WR,ARI,12,122.3,10.19,0,0,0,0,0,0,0,0,0,73,41,608,4,30
2025,00-0039851,Drake Maye,QB,NE,17,357.16,21.01,492,354,4394,31,8,103,450,4,38,1,1,2,0,0
2025,00-0039855,Jalen McMillan,WR,TB,4,26.0,6.5,0,0,0,0,0,1,1,0,0,15,12,178,0,8
2025,00-0039868,Troy Franklin,WR,DEN,17,162.1,9.54,0,0,0,0,0,5,12,0,2,104,65,709,6,32
2025,00-0039874,Jaylen Wright,RB,MIA,9,59.95,6.66,0,0,0,0,0,70,288,2,17,9,5,44,0,2
2025,00-0039875,Ray Davis,RB,BUF,17,78.9,4.64,0,0,0,0,0,58,275,0,15,13,10,86,2,7
2025,00-0039880,Malik Washington,WR,MIA,17,108.15,6.36,0,0,0,0,0,17,110,1,5,65,46,317,3,16
2025,00-0039884,Tahj Washington,WR,MIA,2,2.45,1.23,0,0,0,0,0,0,0,0,0,5,3,37,0,1
2025,00-0039890,Adonai Mitchell,WR,NYJ,16,80.75,5.05,0,0,0,0,0,1,-4,0,0,74,33,453,2,15
2025,00-0039893,Brian Thomas Jr.,WR,JAX,14,129.35,9.24,0,0,0,0,0,3,21,1,2,91,48,707,2,33
2025,00-0039894,Xavier Worthy,WR,KC,14,102.0,7.29,0,0,0,0,0,11,87,0,4,73,42,532,1,22
2025,00-0039901,Keon Coleman,WR,BUF,12,94.4,7.87,0,0,0,0,0,0,0,0,0,59,38,404,4,26
2025,00-0039910,Jayden Daniels,QB,WAS,7,112.48,16.07,188,114,1262,8,3,58,278,2,14,0,0,0,0,0
2025,00-0039912,Ben Sinnott,TE,WAS,9,24.15,2.68,0,0,0,0,0,0,0,0,0,13,11,114,1,5
2025,00-0039915,Ladd McConkey,WR,LAC,16,163.15,10.2,0,0,0,0,0,0,0,0,0,106,66,789,6,35
2025,00-0039916,Ricky Pearsall,WR,SF,9,83.3,9.26,0,0,0,0,0,2,-2,0,0,53,36,528,0,28
2025,00-0039917,Michael Penix Jr.,QB,ATL,9,112.23,12.47,276,166,1982,9,3,21,70,1,5,0,0,0,0,0
2025,00-0039918,Caleb Williams,QB,CHI,17,310.88,18.29,568,330,3942,27,7,77,383,3,28,2,2,22,1,2
2025,00-0039919,Rome Odunze,WR,CHI,12,137.85,11.49,0,0,0,0,0,0,0,0,0,90,44,661,6,37
2025,00-0039920,Malachi Corley,WR,CLE,12,30.15,2.51,0,0,0,0,0,13,127,0,6,14,11,79,0,5
2025,00-0039921,Trey Benson,RB,ARI,4,34.3,8.57,0,0,0,0,0,29,160,0,4,16,13,64,0,2
2025,00-0039923,J.J. McCarthy,QB,MIN,10,94.83,9.48,243,140,1632,11,12,37,181,4,12,0,0,0,0,0
2025,00-0040009,Savion Williams,WR,GB,12,21.6,1.8,0,0,0,0,0,11,37,0,1,10,10,78,1,3
2025,00-0040021,Phil Mafah,RB,DAL,1,11.15,11.15,0,0,0,0,0,5,18,1,2,2,2,11,0,1
2025,00-0040024,Darius Cooper,WR,PHI,6,15.2,2.53,0,0,0,0,0,0,0,0,0,11,9,92,0,6
2025,00-0040039,Amar Johnson,RB,LAC,1,1.0,1.0,0,0,0,0,0,2,8,0,0,1,0,0,0,0
2025,00-0040058,Nick Kallerup,TE,SEA,4,0.0,0.0,0,0,0,0,0,0,0,0,0,1,0,0,0,0
2025,00-0040067,Jacardia Wright,RB,SEA,1,2.75,2.75,0,0,0,0,0,5,20,0,1,0,0,0,0,0
2025,00-0040075,LaJohntay Wester,WR,BAL,14,-4.0,-0.29,0,0,0,0,0,0,0,0,0,0,0,0,0,0
2025,00-0040078,Brashard Smith,RB,KC,17,57.2,3.36,0,0,0,0,0,44,151,0,5,35,25,172,1,7
2025,00-0040122,Ashton Jeanty,RB,LV,17,268.45,15.79,0,0,0,0,0,266,975,5,44,73,55,346,5,13
2025,00-0040124,Tetairoa McMillan,WR,CAR,17,196.65,11.57,0,0,0,0,0,0,0,0,0,122,70,1014,7,55
2025,00-0040126,Colston Loveland,TE,CHI,16,150.7,9.42,0,0,0,0,0,1,-2,0,0,82,58,713,6,36
2025,00-0040128,Tyler Warren,TE,IND,17,166.6,9.8,1,0,0,0,0,6,8,1,3,112,76,817,4,42
2025,00-0040129,Emeka Egbuka,WR,TB,17,181.4,10.67,0,0,0,0,0,2,9,0,0,127,63,938,6,34
2025,00-0040130,Jayden Higgins,WR,HOU,17,121.5,7.15,0,0,0,0,0,0,0,0,0,68,41,525,6,28
2025,00-0040131,Kyle Williams,WR,NE,14,48.65,3.48,0,0,0,0,0,2,3,0,0,21,10,209,3,7
2025,00-0040134,Pat Bryant,WR,DEN,13,71.3,5.48,0,0,0,0,0,0,0,0,0,49,31,378,1,22
2025,00-0040138,Jaylin Noel,WR,HOU,17,65.75,3.87,0,0,0,0,0,6,12,0,0,35,26,292,2,13
2025,00-0040142,Kaleb Johnson,RB,PIT,10,10.6,1.06,0,0,0,0,0,28,69,0,2,2,1,9,0,0
2025,00-0040154,Tai Felton,WR,MIN,12,4.5,0.38,0,0,0,0,0,0,0,0,0,3,3,25,0,2
2025,00-0040162,Dylan Sampson,RB,CLE,15,87.1,5.81,0,0,0,0,0,65,175,0,12,40,33,271,2,8
2025,00-0040164,Jaylin Lane,WR,WAS,15,51.3,3.42,0,0,0,0,0,1,7,0,0,32,16,225,0,10
2025,00-0040170,Elic Ayomanor,WR,TEN,16,108.0,6.75,0,0,0,0,0,0,0,0,0,89,41,515,4,30
2025,00-0040172,Jordan Watkins,WR,SF,2,3.85,1.92,0,0,0,0,0,0,0,0,0,3,2,26,0,1
2025,00-0040179,DJ Giddens,RB,IND,5,13.45,2.69,0,0,0,0,0,26,96,0,5,2,0,0,0,0
2025,00-0040184,KeAndre Lambert-Smith,WR,LAC,10,14.35,1.44,0,0,0,0,0,0,0,0,0,12,5,51,1,3
2025,00-0040187,Mitchell Evans,TE,CAR,14,41.3,2.95,0,0,0,0,0,1,1,0,1,25,19,171,2,9
2025,00-0040189,Oronde Gadsden II,TE,LAC,15,119.4,7.96,0,0,0,0,0,0,0,0,0,69,49,664,3,28
2025,00-0040194,Jackson Hawes,TE,BUF,13,47.95,3.69,0,0,0,0,0,0,0,0,0,19,16,187,3,13
2025,00-0040198,Ollie Gordon II,RB,MIA,17,63.1,3.71,0,0,0,0,0,70,199,3,21,9,7,32,1,1
2025,00-0040202,Devin Neal,RB,NO,9,62.45,6.94,0,0,0,0,0,57,206,2,11,19,17,104,0,4
2025,00-0040205,Kalel Mullings,RB,TEN,4,1.5,0.38,0,0,0,0,0,3,7,0,2,0,0,0,0,0
2025,00-0040206,Riley Leonard,QB,IND,5,26.0,5.2,67,39,415,2,3,6,27,2,4,0,0,-3,0,0
2025,00-0040208,Tahj Brooks,RB,CIN,12,7.75,0.65,0,0,0,0,0,16,45,0,1,2,1,9,0,0
2025,00-0040218,Jimmy Horn Jr.,WR,CAR,10,25.75,2.58,0,0,0,0,0,8,69,0,3,15,11,108,0,4
2025,00-0040225,Thomas Fidone II,TE,NYG,1,0.0,0.0,0,0,0,0,0,0,0,0,0,0,0,0,0,0
2025,00-0040234,Quinn Ewers,QB,MIA,4,27.73,6.93,83,55,622,3,3,8,19,0,1,1,1,-6,0,0
2025,00-0040236,Kyle Monangai,RB,CHI,17,172.85,10.17,0,0,0,0,0,169,783,5,40,30,18,164,0,7
2025,00-0040237,Tez Johnson,WR,TB,15,88.6,5.91,0,0,0,0,0,7,22,0,0,44,28,322,5,16
2025,00-0040238,LeQuint Allen Jr.,RB,JAX,16,23.35,1.46,0,0,0,0,0,23,94,0,5,11,10,54,0,0
2025,00-0040241,Dominic Lovett,WR,DET,2,0.0,0.0,0,0,0,0,0,0,0,0,0,0,0,0,0,0
2025,00-0040242,Jacory Croskey-Merritt,RB,WAS,17,166.8,9.81,0,0,0,0,0,175,805,8,41,13,9,68,0,3
2025,00-0040244,Moliki Matavao,TE,NO,1,2.0,2.0,0,0,0,0,0,0,0,0,0,2,2,10,0,0
2025,00-0040259,Gage Larvadain,WR,CLE,13,5.75,0.44,0,0,0,0,0,1,3,0,0,14,7,71,0,3
2025,00-0040277,Jahdae Walker,WR,CHI,6,24.7,4.12,0,0,0,0,0,0,0,0,0,10,6,87,2,4
2025,00-0040311,Theo Wease Jr.,WR,MIA,3,25.4,8.47,0,0,0,0,0,0,0,0,0,10,6,139,1,6
2025,00-0040317,Jacoby Jones,WR,WAS,1,3.25,3.25,0,0,0,0,0,0,0,0,0,1,1,25,0,1
2025,00-0040352,Coleman Owen,WR,IND,2,0.0,0.0,0,0,0,0,0,0,0,0,0,1,0,0,0,0
2025,00-0040363,Keleki Latu,TE,BUF,3,6.25,2.08,0,0,0,0,0,0,0,0,0,4,4,35,0,3
2025,00-0040388,Jakobie Keeney-James,WR,GB,1,2.5,2.5,0,0,0,0,0,0,0,0,0,2,2,15,0,0
2025,00-0040398,Brady Cook,QB,NYJ,5,1.81,0.36,153,88,739,2,7,13,49,0,4,0,0,0,0,0
2025,00-0040406,Quentin Skinner,WR,NYJ,1,4.75,4.75,0,0,0,0,0,0,0,0,0,1,1,10,0,1
2025,00-0040429,Josh Williams,RB,TB,2,1.5,0.75,0,0,0,0,0,4,11,0,0,0,0,0,0,0
2025,00-0040431,Dalen Cambre,WR,NYG,3,0.0,0.0,0,0,0,0,0,0,0,0,0,0,0,0,0,0
2025,00-0040432,Beaux Collins,WR,NYG,4,3.75,0.94,0,0,0,0,0,0,0,0,0,6,2,25,0,1
2025,00-0040466,Raheim Sanders,RB,CLE,4,23.25,5.81,0,0,0,0,0,27,92,1,7,4,3,21,0,0
2025,00-0040476,Ulysses Bentley IV,RB,IND,1,0.1,0.1,0,0,0,0,0,1,0,0,0,0,0,0,0,0
2025,00-0040488,Carter Runyon,TE,LV,3,0.8,0.27,0,0,0,0,0,0,0,0,0,1,1,3,0,0
2025,00-0040494,Max Brosmer,QB,MIN,7,-16.13,-2.3,71,47,328,0,4,7,11,0,1,0,0,0,0,0
2025,00-0040506,Myles Price,WR,MIN,16,-10.0,-0.62,0,0,0,0,0,0,0,0,0,0,0,0,0,0
2025,00-0040509,Ben Yurosek,TE,MIN,6,2.65,0.44,0,0,0,0,0,0,0,0,0,3,2,14,0,1
2025,00-0040522,Xavier Restrepo,WR,TEN,2,6.35,3.18,0,0,0,0,0,0,0,0,0,7,3,41,0,3
2025,00-0040534,Ke'Shawn Williams,WR,CIN,11,-1.8,-0.16,0,0,0,0,0,2,10,0,0,1,1,5,0,0
2025,00-0040547,Nate Carter,RB,ATL,2,4.65,2.33,0,0,0,0,0,9,60,0,3,0,0,0,0,0
2025,00-0040556,Corey Kiner,RB,ARI,4,10.75,2.69,0,0,0,0,0,12,58,0,4,3,2,15,0,1
2025,00-0040563,Efton Chism III,WR,NE,8,15.75,1.97,0,0,0,0,0,0,0,0,0,3,3,75,1,3
2025,00-0040581,Dont'e Thornton Jr.,WR,LV,11,20.25,1.84,0,0,0,0,0,0,0,0,0,30,10,135,0,7
2025,00-0040582,Arian Smith,WR,NYJ,13,11.65,0.9,0,0,0,0,0,4,13,0,1,16,7,52,0,4
2025,00-0040583,Woody Marks,RB,HOU,16,170.2,10.64,0,0,0,0,0,196,703,2,39,36,24,208,3,7
2025,00-0040584,Gunnar Helm,TE,TEN,16,78.45,4.9,0,0,0,0,0,0,0,0,0,55,44,357,2,17
2025,00-0040586,Jaydon Blue,RB,DAL,5,24.45,4.89,0,0,0,0,0,38,129,1,7,1,1,5,0,0
2025,00-0040590,Konata Mumpfield,WR,LA,10,21.95,2.19,0,0,0,0,0,0,0,0,0,23,10,92,1,7
2025,00-0040628,Drake Dabney,TE,GB,1,0.8,0.8,0,0,0,0,0,0,0,0,0,2,1,3,0,0
2025,00-0040629,Dalevon Campbell,WR,CAR,1,0.0,0.0,0,0,0,0,0,0,0,0,0,0,0,0,0,0
2025,00-0040644,Trevor Etienne,RB,CAR,17,11.95,0.7,0,0,0,0,0,20,94,0,6,3,3,13,0,1
2025,00-0040646,Jalen Royals,WR,KC,2,1.4,0.7,0,0,0,0,0,0,0,0,0,3,2,4,0,0
2025,00-0040648,Tory Horton,WR,SEA,8,64.35,8.04,0,0,0,0,0,0,0,0,0,22,13,161,5,7
2025,00-0040649,Robbie Ouzts,RB,SEA,4,0.0,0.0,0,0,0,0,0,0,0,0,0,0,0,0,0,0
2025,00-0040663,Harold Fannin Jr.,TE,CLE,16,163.1,10.19,0,0,0,0,0,7,13,1,2,107,72,731,6,32
2025,00-0040666,Omarion Hampton,RB,LAC,9,146.1,16.23,0,0,0,0,0,124,545,4,31,35,32,192,1,7
2025,00-0040667,Matthew Golden,WR,GB,14,66.75,4.77,0,0,0,0,0,10,49,0,3,44,29,361,0,16
2025,00-0040668,Shedeur Sanders,QB,CLE,8,61.25,7.66,212,120,1400,7,10,21,169,1,7,0,0,0,0,0
2025,00-0040669,Isaac TeSlaa,WR,DET,14,72.9,5.21,0,0,0,0,0,0,0,0,0,27,16,239,6,14
2025,00-0040673,Jalen Milroe,QB,SEA,3,-2.3,-0.77,0,0,0,0,0,3,4,0,0,0,0,0,0,0
2025,00-0040676,Cam Ward,QB,TEN,17,121.86,7.17,540,323,3169,15,7,39,159,2,15,0,0,0,0,0
2025,00-0040691,Jaxson Dart,QB,NYG,14,233.53,16.68,339,216,2272,15,5,86,487,9,38,0,0,0,0,0
2025,00-0040704,Dillon Gabriel,QB,CLE,10,55.23,5.52,185,110,937,7,2,14,86,0,4,0,0,0,0,0
2025,00-0040705,Chimere Dike,WR,TEN,17,118.7,6.98,0,0,0,0,0,11,18,0,0,74,48,423,4,20
2025,00-0040715,Cam Skattebo,RB,NYG,8,141.3,17.66,0,0,0,0,0,101,410,5,27,32,24,207,2,11
2025,00-0040719,Bhayshul Tuten,RB,JAX,15,100.9,6.73,0,0,0,0,0,83,307,5,23,14,10,79,2,3
2025,00-0040727,Tre Harris,WR,LAC,16,63.6,3.98,0,0,0,0,0,2,10,0,0,43,30,324,1,18
2025,00-0040729,Jack Bech,WR,LV,14,36.65,2.62,0,0,0,0,0,0,0,0,0,29,20,224,0,11
2025,00-0040730,RJ Harvey,RB,DEN,17,218.95,12.88,1,0,0,0,0,146,540,7,28,58,47,356,5,18
2025,00-0040734,TreVeyon Henderson,RB,NE,17,228.7,13.45,0,0,0,0,0,180,911,9,45,42,35,221,1,7
2025,00-0040735,Luther Burden III,WR,CHI,15,119.0,7.93,0,0,0,0,0,6,37,0,3,60,47,652,2,27
2025,00-0040736,Mason Taylor,TE,NYJ,13,78.15,6.01,0,0,0,0,0,0,0,0,0,65,44,369,1,23
2025,00-0040737,Terrance Ferguson,TE,LA,11,50.45,4.59,0,0,0,0,0,1,0,0,0,25,11,231,3,9
2025,00-0040739,Elijah Arroyo,TE,SEA,13,30.15,2.32,0,0,0,0,0,0,0,0,0,26,15,179,1,7
2025,00-0040743,Tyler Shough,QB,NO,11,139.31,12.66,327,221,2384,10,6,45,186,3,11,0,0,0,0,0
2025,00-0040782,Isaiah Bond,WR,CLE,15,56.7,3.78,0,0,0,0,0,5,29,0,1,44,18,338,0,11
2025,00-0040784,Quinshon Judkins,RB,CLE,14,201.55,14.4,0,0,0,0,0,230,827,7,50,36,26,171,0,7
